# Host: 129.226.139.106:63966  (Version: 5.7.26-log)
# Date: 2019-12-13 16:34:53
# Generator: MySQL-Front 5.3  (Build 4.269)

/*!40101 SET NAMES utf8 */;

#
# Structure for table "bills"
#

DROP TABLE IF EXISTS `bills`;
CREATE TABLE `bills` (
  `id` int(11) NOT NULL AUTO_INCREMENT,
  `uid` int(11) NOT NULL DEFAULT '0',
  `nick` varchar(255) NOT NULL DEFAULT '',
  `remain` int(11) NOT NULL DEFAULT '0',
  `cost` int(11) NOT NULL DEFAULT '0',
  `type` int(11) NOT NULL DEFAULT '0',
  `tagId` int(11) NOT NULL DEFAULT '0',
  `accountOut` varchar(255) NOT NULL DEFAULT '',
  `accountIn` varchar(255) NOT NULL DEFAULT '',
  `reason` varchar(255) NOT NULL DEFAULT '',
  `time` bigint(11) NOT NULL DEFAULT '0',
  PRIMARY KEY (`id`),
  KEY `uid` (`uid`),
  KEY `type` (`type`),
  KEY `tagId` (`tagId`)
) ENGINE=InnoDB DEFAULT CHARSET=utf8;

#
# Data for table "bills"
#


#
# Structure for table "cc_announcement_info"
#

DROP TABLE IF EXISTS `cc_announcement_info`;
CREATE TABLE `cc_announcement_info` (
  `announcement_id` int(11) NOT NULL AUTO_INCREMENT,
  `announcement_type` int(11) DEFAULT NULL COMMENT '公告类型',
  `announcement_title` varchar(50) DEFAULT NULL COMMENT '公告标题',
  `announcement_content` varchar(500) DEFAULT NULL COMMENT '公告内容',
  `announcement_author` varchar(50) DEFAULT NULL COMMENT '发布者',
  `announcement_time` datetime DEFAULT NULL COMMENT '发布时间',
  PRIMARY KEY (`announcement_id`)
) ENGINE=InnoDB AUTO_INCREMENT=29 DEFAULT CHARSET=utf8;

#
# Data for table "cc_announcement_info"
#


#
# Structure for table "cc_announcement_info_user"
#

DROP TABLE IF EXISTS `cc_announcement_info_user`;
CREATE TABLE `cc_announcement_info_user` (
  `announcement_info_user_id` int(11) NOT NULL AUTO_INCREMENT,
  `announcement_id` int(11) DEFAULT NULL COMMENT '公告Id',
  `user_id` int(11) DEFAULT NULL COMMENT '用户Id',
  `announcement_flag` int(11) DEFAULT NULL COMMENT '是否已读',
  PRIMARY KEY (`announcement_info_user_id`)
) ENGINE=InnoDB AUTO_INCREMENT=58 DEFAULT CHARSET=utf8;

#
# Data for table "cc_announcement_info_user"
#


#
# Structure for table "cc_data_cleaning"
#

DROP TABLE IF EXISTS `cc_data_cleaning`;
CREATE TABLE `cc_data_cleaning` (
  `data_id` int(11) NOT NULL AUTO_INCREMENT,
  `data_type` int(11) DEFAULT NULL COMMENT '数据类型',
  `data_time` varchar(50) DEFAULT NULL COMMENT '数据时间',
  `data_count` int(11) DEFAULT NULL COMMENT '数量',
  PRIMARY KEY (`data_id`),
  UNIQUE KEY `unique_data_type_time` (`data_type`,`data_time`) COMMENT '数据类型、日期唯一建索引'
) ENGINE=InnoDB AUTO_INCREMENT=686 DEFAULT CHARSET=utf8;

#
# Data for table "cc_data_cleaning"
#

INSERT INTO `cc_data_cleaning` VALUES (576,1,'2019-11-16',0),(577,1,'2019-11-17',0),(578,1,'2019-11-18',1),(582,1,'2019-11-20',0),(583,1,'2019-11-21',0),(584,1,'2019-11-22',0),(585,1,'2019-11-23',0),(586,1,'2019-11-24',0),(587,1,'2019-11-25',0),(588,1,'2019-11-26',1),(589,1,'2019-11-27',1),(596,1,'2019-11-28',1),(618,1,'2019-11-29',0),(619,1,'2019-11-30',0),(620,1,'2019-12-01',0),(621,1,'2019-12-02',1),(625,1,'2019-12-03',1),(632,1,'2019-12-04',1),(639,1,'2019-12-05',1),(646,1,'2019-12-06',1),(664,1,'2019-12-07',0),(665,1,'2019-12-08',0),(666,1,'2019-12-09',2);

#
# Structure for table "cc_resource"
#

DROP TABLE IF EXISTS `cc_resource`;
CREATE TABLE `cc_resource` (
  `res_id` int(11) NOT NULL AUTO_INCREMENT,
  `res_parentId` int(11) DEFAULT NULL,
  `res_name` varchar(50) NOT NULL,
  `res_status` int(11) DEFAULT NULL,
  `res_model_code` varchar(30) DEFAULT NULL COMMENT '模块标识',
  `res_link_address` varchar(200) DEFAULT NULL,
  `res_image` varchar(100) DEFAULT NULL,
  `res_level` int(11) DEFAULT NULL,
  `res_type` int(11) DEFAULT NULL,
  `res_display_order` int(11) DEFAULT NULL,
  `res_remark` varchar(200) DEFAULT NULL,
  `creator` varchar(40) DEFAULT NULL,
  `create_time` datetime DEFAULT NULL,
  `modifier` varchar(40) DEFAULT NULL,
  `modify_time` datetime DEFAULT NULL,
  PRIMARY KEY (`res_id`)
) ENGINE=InnoDB AUTO_INCREMENT=74 DEFAULT CHARSET=utf8 COMMENT='资源表';

#
# Data for table "cc_resource"
#

INSERT INTO `cc_resource` VALUES (2,5,'用户管理',0,'7JMoS6yG','/user/user_list.do','larry-10103',3,0,11,'','admin','2016-11-25 16:57:22','admin','2017-08-15 11:27:40'),(3,5,'角色管理',0,'SPAn6H46','/role/role_list.do','larry-jiaoseguanli1',3,0,3,'配置系统角色信息','admin','2016-11-25 16:57:25',NULL,NULL),(4,5,'菜单管理',0,'0rbT8g7m','/res/res_list.do','larry-caidanguanli',3,0,4,'','admin','2016-11-25 16:57:31','admin','2017-08-15 11:04:41'),(5,7,'系统设置',0,'0rbT8g9m',NULL,'larry-xitongshezhi1',2,0,5,'配置系统菜单信息','admin','2017-07-28 09:31:43',NULL,NULL),(7,NULL,'系统管理',0,'0rbT8g8m','','larry-xitongshezhi1',1,0,1,'配置系统菜单信息','admin','2017-07-28 13:24:57','admin','2019-10-31 16:40:03'),(9,7,'消息中心',0,'0rbT8g2m','','larry-gerenxinxi5',2,0,8,'配置系统菜单信息','admin','2017-07-28 14:23:35','admin','2017-08-28 19:50:48'),(10,9,'公告管理',0,'0rbT8t2m','/announcement/announcement_list.do','larry-gonggaoguanli',3,0,9,'配置系统菜单信息','admin','2017-07-28 17:07:55','admin','2017-09-04 11:07:18'),(12,2,'用户新增',0,'0rbT8t2P','/user/user_add.do','larry-gerenxinxi1',3,1,3,'','admin','2017-08-14 16:47:12','admin','2017-08-16 17:56:18'),(15,2,'用户导出',0,'0jOfTHGx','/user/excel_users_export.do','larry-10103',3,1,NULL,'','admin','2017-08-16 23:29:50',NULL,NULL),(16,2,'用户修改',0,'fSv1B2kZ','/user/user_update.do','larry-bianji2',3,1,NULL,'','admin','2017-08-16 23:30:21','admin','2017-08-22 14:37:55'),(17,2,'用户失效',0,'uBg9TdEr','/user/ajax_user_fail.do','larry-10103',3,1,NULL,'','admin','2017-08-16 23:30:46',NULL,NULL),(18,2,'批量失效',0,'lBE3hz5c','/user/ajax_user_batch_fail.do','caidanguanli',3,1,NULL,'','admin','2017-08-16 23:31:09',NULL,NULL),(19,2,'分配角色',0,'mScICO9G','/user/user_grant.do','jiaoseguanli1',3,1,NULL,'','admin','2017-08-16 23:31:37',NULL,NULL),(20,3,'角色导出',0,'oCNcsKmk','/role/excel_role_export.do','jiaoseguanli1',3,1,NULL,'','admin','2017-08-16 23:32:29',NULL,NULL),(21,3,'角色新增',0,'nxRVZA5i','/role/role_add.do','caidanguanli',3,1,NULL,'','admin','2017-08-16 23:33:01',NULL,NULL),(22,3,'角色修改',0,'moHbdnjz','/role/role_update.do','liuyan',3,1,NULL,'','admin','2017-08-16 23:33:26',NULL,NULL),(23,3,'角色失效',0,'tkwJk34z','/role/ajax_role_fail.do','caidanguanli',3,1,NULL,'','admin','2017-08-16 23:33:46',NULL,NULL),(24,3,'批量失效',0,'qsieHTy4','/role/ajax_role_batch_fail.do','liuyan',3,1,NULL,'','admin','2017-08-16 23:34:04','admin','2017-08-22 17:31:48'),(25,3,'角色赋权',0,'bSG7LAmU','/role/role_grant.do','caidanguanli',3,1,NULL,'','admin','2017-08-16 23:34:28',NULL,NULL),(26,4,'菜单新增',0,'Mhtly5er','/res/res_edit.do','larry-11',3,1,NULL,'','admin','2017-08-22 13:41:27',NULL,NULL),(27,4,'菜单编辑',0,'KxCQVzRq','/res/res_update.do','larry-bianji5',3,1,NULL,'','admin','2017-08-22 13:42:30',NULL,NULL),(28,4,'菜单失效',0,'DK3uPfe7','/res/ajax_res_fail.do','larry-shanchu8',3,1,NULL,'','admin','2017-08-22 13:45:01',NULL,NULL),(29,4,'菜单导出',0,'wPUNDGgZ','/res/excel_res_export.do','larry-wangzhanneirong',3,1,NULL,'','admin','2017-08-22 13:46:43',NULL,NULL),(51,7,'日志中心',0,'gYFTwbQb','','larry-gongzuoneirong',2,0,NULL,'','admin','2017-08-30 17:58:16','admin','2017-08-30 18:01:42'),(52,51,'日志管理',0,'oL6OcNAt','/syslog/sys_log_list.do','larry-pingjiaguanli1',3,0,NULL,'','admin','2017-08-30 18:03:00','admin','2017-09-08 10:55:16'),(53,9,'消息管理',0,'H70iVoxC','/test.do','larry-liuyan',3,0,NULL,'','admin','2017-08-31 12:34:52',NULL,NULL),(54,10,'新增公告',0,'4JQVLmOd','/announcement/announcement_add.do','larry-iconfontadd',3,1,NULL,'','admin','2017-09-04 17:08:03',NULL,NULL),(55,10,'删除公告',0,'eTDnjGAM','/announcement/ajax_del_announcement.do','larry-shanchu9',3,1,NULL,'','admin','2017-09-04 17:08:27',NULL,NULL),(57,NULL,'游戏管理',0,'AnWHwDjw','','larry-dengji',1,0,2,'','admin','2019-10-31 16:33:10','admin','2019-10-31 17:08:33'),(58,70,'玩家列表',0,'DyYDzcJq','/gameUser/user_list.do','larry-10103',3,0,1,'','admin','2019-10-31 17:03:32','admin','2019-11-29 16:09:35'),(59,60,'流水管理',0,'n7XWweF0','/gameCapital/bills_list.do','larry-duanxin1',3,0,1,'','admin','2019-10-31 17:08:01','admin','2019-11-07 10:01:42'),(60,57,'资金管理',0,'MTVxoerT','','larry-dengjipingdingguanli',2,0,2,'','admin','2019-10-31 17:11:12',NULL,NULL),(61,60,'订单管理',0,'WWBcKAyo','/gameCapital/order_list.do','larry-iconzfb',3,0,2,'','admin','2019-10-31 17:14:06','admin','2019-11-08 09:28:08'),(62,60,'冻结资金',0,'wlnCyjCi','/gameCapital/freeze_list.do','larry-iconfonthuishouzhan',3,0,3,'','admin','2019-10-31 17:16:40','admin','2019-11-07 16:45:46'),(63,60,'战绩列表',0,'Tb65eU4r','/gameCapital/gameRec_list.do','larry-tihuan',3,0,3,'','admin','2019-10-31 17:18:15','admin','2019-12-04 15:57:53'),(65,62,'解冻资金',0,'QsTIzP4o','/gameCapital/ajax_unfreeze.do','larry-shanchu9',3,1,NULL,'','admin','2019-11-08 17:15:12',NULL,NULL),(66,57,'矿石管理',0,'EGX4mvpz','','larry-dengji',2,0,NULL,'','admin','2019-11-14 09:41:49','admin','2019-11-14 09:43:40'),(67,66,'矿卡明细',0,'kJeHwP81','/gameMineral/mineralCode_list.do','larry-chongfuzhaopian',3,0,NULL,'','admin','2019-11-14 09:58:53','admin','2019-11-14 17:14:39'),(68,66,'矿石流水',0,'cNPhT2xR','/gameMineral/mineralBills_list.do','larry-dengjipingdingguanli',3,0,NULL,'','admin','2019-11-14 10:16:32','admin','2019-11-21 11:50:38'),(69,67,'新增矿卡',0,'B69B6W6k','/gameMineral/ajax_save_mineralCode.do','larry-tianjia6',3,1,NULL,'','admin','2019-11-15 14:19:45','admin','2019-12-03 15:00:08'),(70,57,'玩家管理',0,'5xZt3Pjt','','larry-10103',2,0,1,'','admin','2019-11-29 16:06:40','admin','2019-11-29 17:10:53'),(71,58,'添加金币',0,'fZKo6sJb','/gameUser/ajax_add_coin.do','larry-dengjipingdingguanli',3,1,NULL,'','admin','2019-11-29 16:12:15','admin','2019-12-03 14:40:47'),(72,58,'添加矿石',0,'uG9vazWK','/gameMineral/ajax_add_mineral.do','larry-dengjipingdingguanli',3,1,NULL,'','admin','2019-12-02 11:45:22',NULL,NULL),(73,67,'矿卡失效',0,'AELCG3Rd','/gameMineral/ajax_mineralCode_fail.do','larry-zidingyicaidan',3,1,NULL,'','admin','2019-12-03 15:09:49',NULL,NULL);

#
# Structure for table "cc_role"
#

DROP TABLE IF EXISTS `cc_role`;
CREATE TABLE `cc_role` (
  `role_id` int(11) NOT NULL AUTO_INCREMENT,
  `role_name` varchar(50) NOT NULL,
  `role_status` int(11) NOT NULL,
  `role_remark` varchar(255) DEFAULT NULL,
  `creator` varchar(40) DEFAULT NULL,
  `create_time` datetime DEFAULT NULL,
  `modifier` varchar(40) DEFAULT NULL,
  `modifier_time` datetime DEFAULT NULL,
  PRIMARY KEY (`role_id`)
) ENGINE=InnoDB AUTO_INCREMENT=56 DEFAULT CHARSET=utf8 COMMENT='角色表';

#
# Data for table "cc_role"
#

INSERT INTO `cc_role` VALUES (51,'超级管理员',0,NULL,'admin','2017-08-16 16:05:48','admin','2017-08-16 16:05:48'),(52,'系统管理员',0,NULL,'admin','2017-08-16 16:05:48','admin','2017-08-16 16:05:48'),(53,'普通用户',0,'','admin','2017-08-22 13:50:41','admin','2019-10-31 16:25:54');

#
# Structure for table "cc_role_resource"
#

DROP TABLE IF EXISTS `cc_role_resource`;
CREATE TABLE `cc_role_resource` (
  `role_res_id` int(11) NOT NULL AUTO_INCREMENT,
  `role_id` int(11) DEFAULT NULL,
  `resource_id` int(11) DEFAULT NULL,
  `creator` varchar(40) DEFAULT NULL,
  `create_time` datetime DEFAULT NULL,
  `modifier` varchar(40) DEFAULT NULL,
  `modifier_time` datetime DEFAULT NULL,
  PRIMARY KEY (`role_res_id`)
) ENGINE=InnoDB AUTO_INCREMENT=1134 DEFAULT CHARSET=utf8 COMMENT='角色与资源关系表';

#
# Data for table "cc_role_resource"
#

INSERT INTO `cc_role_resource` VALUES (1064,51,7,'admin','2019-12-03 15:56:52',NULL,NULL),(1065,51,5,'admin','2019-12-03 15:56:52',NULL,NULL),(1066,51,2,'admin','2019-12-03 15:56:52',NULL,NULL),(1067,51,12,'admin','2019-12-03 15:56:52',NULL,NULL),(1068,51,15,'admin','2019-12-03 15:56:52',NULL,NULL),(1069,51,16,'admin','2019-12-03 15:56:52',NULL,NULL),(1070,51,17,'admin','2019-12-03 15:56:52',NULL,NULL),(1071,51,18,'admin','2019-12-03 15:56:52',NULL,NULL),(1072,51,19,'admin','2019-12-03 15:56:52',NULL,NULL),(1073,51,3,'admin','2019-12-03 15:56:52',NULL,NULL),(1074,51,20,'admin','2019-12-03 15:56:52',NULL,NULL),(1075,51,21,'admin','2019-12-03 15:56:52',NULL,NULL),(1076,51,22,'admin','2019-12-03 15:56:52',NULL,NULL),(1077,51,23,'admin','2019-12-03 15:56:52',NULL,NULL),(1078,51,24,'admin','2019-12-03 15:56:52',NULL,NULL),(1079,51,25,'admin','2019-12-03 15:56:52',NULL,NULL),(1080,51,4,'admin','2019-12-03 15:56:52',NULL,NULL),(1081,51,26,'admin','2019-12-03 15:56:52',NULL,NULL),(1082,51,27,'admin','2019-12-03 15:56:52',NULL,NULL),(1083,51,28,'admin','2019-12-03 15:56:52',NULL,NULL),(1084,51,29,'admin','2019-12-03 15:56:52',NULL,NULL),(1085,51,9,'admin','2019-12-03 15:56:52',NULL,NULL),(1086,51,10,'admin','2019-12-03 15:56:52',NULL,NULL),(1087,51,54,'admin','2019-12-03 15:56:52',NULL,NULL),(1088,51,55,'admin','2019-12-03 15:56:52',NULL,NULL),(1089,51,53,'admin','2019-12-03 15:56:52',NULL,NULL),(1090,51,51,'admin','2019-12-03 15:56:52',NULL,NULL),(1091,51,52,'admin','2019-12-03 15:56:52',NULL,NULL),(1092,51,57,'admin','2019-12-03 15:56:52',NULL,NULL),(1093,51,60,'admin','2019-12-03 15:56:52',NULL,NULL),(1094,51,59,'admin','2019-12-03 15:56:52',NULL,NULL),(1095,51,61,'admin','2019-12-03 15:56:52',NULL,NULL),(1096,51,62,'admin','2019-12-03 15:56:52',NULL,NULL),(1097,51,65,'admin','2019-12-03 15:56:52',NULL,NULL),(1098,51,63,'admin','2019-12-03 15:56:52',NULL,NULL),(1099,51,66,'admin','2019-12-03 15:56:52',NULL,NULL),(1100,51,67,'admin','2019-12-03 15:56:52',NULL,NULL),(1101,51,69,'admin','2019-12-03 15:56:52',NULL,NULL),(1102,51,73,'admin','2019-12-03 15:56:52',NULL,NULL),(1103,51,68,'admin','2019-12-03 15:56:52',NULL,NULL),(1104,51,70,'admin','2019-12-03 15:56:52',NULL,NULL),(1105,51,58,'admin','2019-12-03 15:56:52',NULL,NULL),(1106,51,71,'admin','2019-12-03 15:56:52',NULL,NULL),(1107,51,72,'admin','2019-12-03 15:56:52',NULL,NULL),(1108,52,7,'admin','2019-12-03 15:58:44',NULL,NULL),(1109,52,5,'admin','2019-12-03 15:58:44',NULL,NULL),(1110,52,2,'admin','2019-12-03 15:58:44',NULL,NULL),(1111,52,19,'admin','2019-12-03 15:58:44',NULL,NULL),(1112,52,3,'admin','2019-12-03 15:58:44',NULL,NULL),(1113,52,57,'admin','2019-12-03 15:58:44',NULL,NULL),(1114,52,60,'admin','2019-12-03 15:58:44',NULL,NULL),(1115,52,59,'admin','2019-12-03 15:58:44',NULL,NULL),(1116,52,61,'admin','2019-12-03 15:58:44',NULL,NULL),(1117,52,62,'admin','2019-12-03 15:58:44',NULL,NULL),(1118,52,65,'admin','2019-12-03 15:58:44',NULL,NULL),(1119,52,63,'admin','2019-12-03 15:58:44',NULL,NULL),(1120,52,66,'admin','2019-12-03 15:58:44',NULL,NULL),(1121,52,67,'admin','2019-12-03 15:58:44',NULL,NULL),(1122,52,68,'admin','2019-12-03 15:58:44',NULL,NULL),(1123,52,70,'admin','2019-12-03 15:58:44',NULL,NULL),(1124,52,58,'admin','2019-12-03 15:58:44',NULL,NULL),(1125,53,57,'admin','2019-12-06 17:13:58',NULL,NULL),(1126,53,60,'admin','2019-12-06 17:13:58',NULL,NULL),(1127,53,59,'admin','2019-12-06 17:13:58',NULL,NULL),(1128,53,61,'admin','2019-12-06 17:13:58',NULL,NULL),(1129,53,62,'admin','2019-12-06 17:13:58',NULL,NULL),(1130,53,65,'admin','2019-12-06 17:13:58',NULL,NULL),(1131,53,63,'admin','2019-12-06 17:13:58',NULL,NULL),(1132,53,70,'admin','2019-12-06 17:13:58',NULL,NULL),(1133,53,58,'admin','2019-12-06 17:13:58',NULL,NULL);

#
# Structure for table "cc_sys_log"
#

DROP TABLE IF EXISTS `cc_sys_log`;
CREATE TABLE `cc_sys_log` (
  `log_id` int(11) NOT NULL AUTO_INCREMENT,
  `log_title` varchar(20) DEFAULT NULL COMMENT '日志标题',
  `log_type` varchar(10) DEFAULT NULL COMMENT '日志类型 info error',
  `log_url` varchar(50) DEFAULT NULL COMMENT '日志请求url',
  `log_method` varchar(10) DEFAULT NULL COMMENT '请求方式 get post',
  `log_params` varchar(300) DEFAULT NULL COMMENT '请求参数',
  `log_exception` varchar(200) DEFAULT NULL COMMENT '请求异常',
  `log_user_name` varchar(50) DEFAULT NULL COMMENT '请求用户Id',
  `log_ip` varchar(20) DEFAULT NULL COMMENT '请求IP',
  `log_ip_address` varchar(40) DEFAULT NULL COMMENT '请求ip所在地',
  `log_start_time` datetime DEFAULT NULL COMMENT '请求开始时间',
  `log_elapsed_time` bigint(20) DEFAULT NULL COMMENT '请求耗时',
  PRIMARY KEY (`log_id`)
) ENGINE=InnoDB AUTO_INCREMENT=177 DEFAULT CHARSET=utf8;

#
# Data for table "cc_sys_log"
#

INSERT INTO `cc_sys_log` VALUES (1,'用户分配角色','info','/user/ajax_save_user_role.do','POST','{\"roleIds\":\"52\",\"userId\":\"9\"}',NULL,'admin','192.168.1.102','XX 内网IP','2019-10-31 16:23:55',11),(2,'用户分配角色','info','/user/ajax_save_user_role.do','POST','{\"roleIds\":\"53\",\"userId\":\"9\"}',NULL,'admin','192.168.1.102','XX 内网IP','2019-10-31 16:24:17',10),(3,'用户分配角色','info','/user/ajax_save_user_role.do','POST','{\"roleIds\":\"53,52\",\"userId\":\"9\"}',NULL,'admin','192.168.1.102','XX 内网IP','2019-10-31 16:24:24',11),(4,'用户分配角色','info','/user/ajax_save_user_role.do','POST','{\"roleIds\":\"52,53\",\"userId\":\"9\"}',NULL,'admin','192.168.1.102','XX 内网IP','2019-10-31 16:24:38',12),(5,'保存角色信息','info','/role/ajax_save_role.do','POST','{\"roleRemark\":\"\",\"roleId\":\"53\",\"roleName\":\"普通用户\",\"roleStatus\":\"0\"}',NULL,'admin','192.168.1.102','XX 内网IP','2019-10-31 16:25:54',11),(6,'角色赋权','info','/role/ajax_save_role_res.do','POST','{\"roleId\":\"51\",\"resourceIds[]\":\"7\"}',NULL,'admin','192.168.1.102','XX 内网IP','2019-10-31 16:26:06',58),(7,'角色赋权','info','/role/ajax_save_role_res.do','POST','{\"roleId\":\"51\",\"resourceIds[]\":\"7\"}',NULL,'admin','192.168.1.102','XX 内网IP','2019-10-31 16:27:13',73),(8,'用户登陆','info','/loginCheck.do','POST','{\"password\":\"\",\"code\":\"jktqi\",\"username\":\"admin\"}',NULL,'admin','192.168.1.102','XX 内网IP','2019-10-31 17:30:02',5),(9,'用户登陆','info','/loginCheck.do','POST','{\"password\":\"\",\"code\":\"seycj\",\"username\":\"admin\"}',NULL,'admin','192.168.1.102','XX 内网IP','2019-10-31 17:30:09',21),(10,'用户登陆','info','/loginCheck.do','POST','{\"password\":\"\",\"code\":\"jktqj\",\"username\":\"admin\"}',NULL,'admin','192.168.1.102','XX 内网IP','2019-10-31 17:31:37',3),(11,'用户登陆','info','/loginCheck.do','POST','{\"password\":\"\",\"code\":\"trudj\",\"username\":\"admin\"}',NULL,'admin','192.168.1.102','XX 内网IP','2019-10-31 17:44:42',8),(12,'用户登陆','info','/loginCheck.do','POST','{\"password\":\"\",\"code\":\"jktqj\",\"username\":\"admin\"}',NULL,'admin','192.168.1.102','XX 内网IP','2019-10-31 17:50:23',4),(13,'用户登陆','info','/loginCheck.do','POST','{\"password\":\"\",\"code\":\"btifr\",\"username\":\"admin\"}',NULL,'admin','192.168.1.102','XX 内网IP','2019-10-31 17:50:30',7),(14,'用户登陆','info','/loginCheck.do','POST','{\"password\":\"\",\"code\":\"jktqj\",\"username\":\"admin\"}',NULL,'admin','192.168.1.102','XX 内网IP','2019-10-31 17:55:21',4),(15,'用户登陆','info','/loginCheck.do','POST','{\"password\":\"\",\"code\":\"nswiq\",\"username\":\"admin\"}',NULL,'admin','192.168.1.102','XX 内网IP','2019-10-31 17:55:28',2),(16,'用户登陆','info','/loginCheck.do','POST','{\"password\":\"\",\"code\":\"1b7ho\",\"username\":\"admin\"}',NULL,'admin','192.168.1.102','XX 内网IP','2019-10-31 17:55:35',16),(17,'用户登陆','info','/loginCheck.do','POST','{\"password\":\"\",\"code\":\"wbvm9\",\"username\":\"admin\"}',NULL,'admin','192.168.1.102','XX 内网IP','2019-11-01 09:45:35',40),(18,'用户登陆','info','/loginCheck.do','POST','{\"password\":\"\",\"code\":\"wbvm9\",\"username\":\"admin\"}',NULL,'admin','192.168.1.102','XX 内网IP','2019-11-01 09:57:31',189),(19,'用户登陆','info','/loginCheck.do','POST','{\"password\":\"\",\"code\":\"ihmnr\",\"username\":\"admin\"}',NULL,'admin','192.168.1.102','XX 内网IP','2019-11-01 10:51:26',8),(20,'用户登陆','info','/loginCheck.do','POST','{\"password\":\"\",\"code\":\"hpauh\",\"username\":\"admin\"}',NULL,'admin','192.168.1.102','XX 内网IP','2019-11-01 11:34:27',7),(21,'用户登陆','info','/loginCheck.do','POST','{\"password\":\"\",\"code\":\"bv9uq\",\"username\":\"admin\"}',NULL,'admin','192.168.1.102','XX 内网IP','2019-11-01 14:05:07',34),(22,'用户登陆','info','/loginCheck.do','POST','{\"password\":\"\",\"code\":\"oar9r\",\"username\":\"admin\"}',NULL,'admin','192.168.1.102','XX 内网IP','2019-11-01 15:26:00',32),(23,'角色赋权','info','/role/ajax_save_role_res.do','POST','{\"roleId\":\"51\",\"resourceIds[]\":\"7\"}',NULL,'admin','192.168.1.102','XX 内网IP','2019-11-01 15:28:43',83),(24,'用户登陆','info','/loginCheck.do','POST','{\"password\":\"\",\"code\":\"bv9uq\",\"username\":\"admin\"}',NULL,'admin','192.168.1.102','XX 内网IP','2019-11-01 15:31:00',5),(25,'用户登陆','info','/loginCheck.do','POST','{\"password\":\"\",\"code\":\"mfwme\",\"username\":\"admin\"}',NULL,'admin','192.168.1.102','XX 内网IP','2019-11-01 15:31:05',181),(26,'用户登陆','info','/loginCheck.do','POST','{\"password\":\"\",\"code\":\"bv9uq\",\"username\":\"admin\"}',NULL,'admin','192.168.1.102','XX 内网IP','2019-11-01 15:32:38',2),(27,'用户登陆','info','/loginCheck.do','POST','{\"password\":\"\",\"code\":\"kt1lg\",\"username\":\"admin\"}',NULL,'admin','192.168.1.102','XX 内网IP','2019-11-01 15:32:43',7),(28,'用户登陆','info','/loginCheck.do','POST','{\"password\":\"\",\"code\":\"bv\",\"username\":\"admin\"}',NULL,'admin','192.168.1.102','XX 内网IP','2019-11-01 15:39:00',7),(29,'用户登陆','info','/loginCheck.do','POST','{\"password\":\"\",\"code\":\"fhdpq\",\"username\":\"admin\"}',NULL,'admin','192.168.1.102','XX 内网IP','2019-11-01 15:39:05',178),(30,'用户登陆','info','/loginCheck.do','POST','{\"password\":\"\",\"code\":\"a\",\"username\":\"admin\"}',NULL,'admin','192.168.1.102','XX 内网IP','2019-11-01 15:46:29',4),(31,'用户登陆','info','/loginCheck.do','POST','{\"password\":\"\",\"code\":\"axpb9\",\"username\":\"admin\"}',NULL,'admin','192.168.1.102','XX 内网IP','2019-11-01 15:46:33',1),(32,'用户登陆','info','/loginCheck.do','POST','{\"password\":\"\",\"code\":\"hcezf\",\"username\":\"admin\"}',NULL,'admin','192.168.1.102','XX 内网IP','2019-11-01 15:46:38',19),(33,'用户登陆','info','/loginCheck.do','POST','{\"password\":\"\",\"code\":\"bv9uq\",\"username\":\"admin\"}',NULL,'admin','192.168.1.102','XX 内网IP','2019-11-01 16:28:00',4),(34,'用户登陆','info','/loginCheck.do','POST','{\"password\":\"\",\"code\":\"7y5j3\",\"username\":\"admin\"}',NULL,'admin','192.168.1.102','XX 内网IP','2019-11-01 16:28:12',17),(35,'用户登陆','info','/loginCheck.do','POST','{\"password\":\"\",\"code\":\"myvu7\",\"username\":\"admin\"}',NULL,'admin','192.168.1.102','XX 内网IP','2019-11-07 09:36:20',60),(36,'用户登陆','info','/loginCheck.do','POST','{\"password\":\"\",\"code\":\"y6r5k\",\"username\":\"admin\"}',NULL,'admin','192.168.1.102','XX 内网IP','2019-11-07 14:38:53',33),(37,'用户登陆','info','/loginCheck.do','POST','{\"password\":\"\",\"code\":\"p7bn7\",\"username\":\"admin\"}',NULL,'admin','192.168.1.102','XX 内网IP','2019-11-07 14:43:26',41),(38,'用户登陆','info','/loginCheck.do','POST','{\"password\":\"\",\"code\":\"vkp21\",\"username\":\"admin\"}',NULL,'admin','192.168.1.102','XX 内网IP','2019-11-07 15:06:24',9),(39,'用户登陆','info','/loginCheck.do','POST','{\"password\":\"\",\"code\":\"izy5p\",\"username\":\"admin\"}',NULL,'admin','192.168.1.102','XX 内网IP','2019-11-07 15:06:30',209),(40,'用户登陆','info','/loginCheck.do','POST','{\"password\":\"\",\"code\":\"vkp21\",\"username\":\"admin\"}',NULL,'admin','192.168.1.102','XX 内网IP','2019-11-07 15:08:05',5),(41,'用户登陆','info','/loginCheck.do','POST','{\"password\":\"\",\"code\":\"d74kp\",\"username\":\"admin\"}',NULL,'admin','192.168.1.102','XX 内网IP','2019-11-07 15:08:10',24),(42,'用户登陆','info','/loginCheck.do','POST','{\"password\":\"\",\"code\":\"FH244\",\"username\":\"admin\"}',NULL,'admin','192.168.1.102','XX 内网IP','2019-11-07 15:16:48',42),(43,'用户登陆','info','/loginCheck.do','POST','{\"password\":\"\",\"code\":\"rvgd8\",\"username\":\"admin\"}',NULL,'admin','192.168.1.102','XX 内网IP','2019-11-07 16:14:21',210),(44,'用户登陆','info','/loginCheck.do','POST','{\"password\":\"\",\"code\":\"rvgd8\",\"username\":\"admin\"}',NULL,'admin','192.168.1.102','XX 内网IP','2019-11-07 16:51:18',198),(45,'用户登陆','info','/loginCheck.do','POST','{\"password\":\"\",\"code\":\"r\",\"username\":\"admin\"}',NULL,'admin','192.168.1.102','XX 内网IP','2019-11-07 17:22:05',8),(46,'用户登陆','info','/loginCheck.do','POST','{\"password\":\"\",\"code\":\"gfla9\",\"username\":\"admin\"}',NULL,'admin','192.168.1.102','XX 内网IP','2019-11-07 17:22:14',230),(47,'用户登陆','info','/loginCheck.do','POST','{\"password\":\"\",\"code\":\"rtfeo\",\"username\":\"admin\"}',NULL,'admin','192.168.1.102','XX 内网IP','2019-11-08 09:27:54',33),(48,'用户登陆','info','/loginCheck.do','POST','{\"password\":\"\",\"code\":\"rtpeo\",\"username\":\"admin\"}',NULL,'admin','192.168.1.102','XX 内网IP','2019-11-08 09:40:57',3),(49,'用户登陆','info','/loginCheck.do','POST','{\"password\":\"\",\"code\":\"qlpcx\",\"username\":\"admin\"}',NULL,'admin','192.168.1.102','XX 内网IP','2019-11-08 09:41:03',17),(50,'用户登陆','info','/loginCheck.do','POST','{\"password\":\"\",\"code\":\"1ankl\",\"username\":\"admin\"}',NULL,'admin','192.168.1.102','XX 内网IP','2019-11-08 11:01:14',22),(51,'保存用户信息','info','/user/ajax_save_user.do','POST','{\"userStatus\":\"0\",\"userLoginName\":\"asdasd\",\"userName\":\"测试账户\",\"userId\":\"\"}',NULL,'admin','192.168.1.102','XX 内网IP','2019-11-08 11:51:33',17),(52,'失效用户信息','info','/user/ajax_user_fail.do','POST','{\"userId\":\"9\"}',NULL,'admin','192.168.1.102','XX 内网IP','2019-11-08 11:51:44',17),(53,'失效用户信息','info','/user/ajax_user_fail.do','POST','{\"userId\":\"157\"}',NULL,'admin','192.168.1.102','XX 内网IP','2019-11-08 11:51:53',10),(54,'保存用户信息','info','/user/ajax_save_user.do','POST','{\"userStatus\":\"0\",\"userLoginName\":\"asdasd\",\"userName\":\"测试账户\",\"userId\":\"157\"}',NULL,'admin','192.168.1.102','XX 内网IP','2019-11-08 11:52:57',8),(55,'用户登陆','info','/loginCheck.do','POST','{\"password\":\"\",\"code\":\"aexjf\",\"username\":\"admin\"}',NULL,'admin','192.168.1.102','XX 内网IP','2019-11-08 14:05:18',30),(56,'角色赋权','info','/role/ajax_save_role_res.do','POST','{\"roleId\":\"51\",\"resourceIds[]\":\"7\"}',NULL,'admin','192.168.1.102','XX 内网IP','2019-11-08 14:08:56',92),(57,'用户登陆','info','/loginCheck.do','POST','{\"password\":\"\",\"code\":\"aexjf\",\"username\":\"admin\"}',NULL,'admin','192.168.1.102','XX 内网IP','2019-11-08 14:16:45',9),(58,'保存用户信息','info','/user/ajax_save_user.do','POST','{\"userStatus\":\"0\",\"userLoginName\":\"asdasd1\",\"userName\":\"第二个测试账户\",\"userId\":\"\"}',NULL,'admin','192.168.1.102','XX 内网IP','2019-11-08 14:30:06',19),(59,'失效用户信息','info','/user/ajax_user_fail.do','POST','{\"userId\":\"158\"}',NULL,'admin','192.168.1.102','XX 内网IP','2019-11-08 14:31:27',17),(60,'失效用户信息','info','/user/ajax_user_fail.do','POST','{\"userId\":\"157\"}',NULL,'admin','192.168.1.102','XX 内网IP','2019-11-08 14:34:13',10),(61,'保存用户信息','info','/user/ajax_save_user.do','POST','{\"userStatus\":\"0\",\"userLoginName\":\"asdasd1\",\"userName\":\"第二个测试账户\",\"userId\":\"158\"}',NULL,'admin','192.168.1.102','XX 内网IP','2019-11-08 14:41:52',10),(62,'失效用户信息','info','/user/ajax_user_fail.do','POST','{\"userId\":\"158\"}',NULL,'admin','192.168.1.102','XX 内网IP','2019-11-08 14:42:20',9),(63,'失效用户信息','info','/user/ajax_user_fail.do','POST','{\"userId\":\"158\"}',NULL,'admin','192.168.1.102','XX 内网IP','2019-11-08 14:42:22',10),(64,'失效用户信息','info','/user/ajax_user_fail.do','POST','{\"userId\":\"158\"}',NULL,'admin','192.168.1.102','XX 内网IP','2019-11-08 14:42:29',11),(65,'保存用户信息','info','/user/ajax_save_user.do','POST','{\"userStatus\":\"0\",\"userLoginName\":\"asdasd1\",\"userName\":\"第二个测试账户\",\"userId\":\"158\"}',NULL,'admin','192.168.1.102','XX 内网IP','2019-11-08 14:54:00',10),(66,'失效用户信息','info','/user/ajax_user_fail.do','POST','{\"userId\":\"158\"}',NULL,'admin','192.168.1.102','XX 内网IP','2019-11-08 14:54:07',12),(67,'用户登陆','info','/loginCheck.do','POST','{\"password\":\"\",\"code\":\"2sdbr\",\"username\":\"admin\"}',NULL,'admin','192.168.1.102','XX 内网IP','2019-11-08 16:57:39',17),(68,'保存用户信息','info','/user/ajax_save_user.do','POST','{\"userStatus\":\"0\",\"userLoginName\":\"asdasd1\",\"userName\":\"第二个测试账户\",\"userId\":\"158\"}',NULL,'admin','192.168.1.102','XX 内网IP','2019-11-08 16:58:28',16),(69,'失效用户信息','info','/user/ajax_user_fail.do','POST','{\"userId\":\"158\"}',NULL,'admin','192.168.1.102','XX 内网IP','2019-11-08 16:58:40',13),(70,'角色赋权','info','/role/ajax_save_role_res.do','POST','{\"roleId\":\"51\",\"resourceIds[]\":\"7\"}',NULL,'admin','192.168.1.102','XX 内网IP','2019-11-08 17:17:40',121),(71,'用户登陆','info','/loginCheck.do','POST','{\"password\":\"\",\"code\":\"orz7g\",\"username\":\"admin\"}',NULL,'admin','192.168.1.102','XX 内网IP','2019-11-13 17:17:27',42),(72,'用户登陆','info','/loginCheck.do','POST','{\"password\":\"\",\"code\":\"rj3ad\",\"username\":\"admin\"}',NULL,'admin','192.168.1.102','XX 内网IP','2019-11-14 09:39:27',41),(73,'用户登陆','info','/loginCheck.do','POST','{\"password\":\"\",\"code\":\"l8fap\",\"username\":\"admin\"}',NULL,'admin','192.168.1.102','XX 内网IP','2019-11-14 11:54:43',33),(74,'用户登陆','info','/loginCheck.do','POST','{\"password\":\"\",\"code\":\"68xeh\",\"username\":\"admin\"}',NULL,'admin','192.168.1.102','XX 内网IP','2019-11-14 13:41:31',7),(75,'用户登陆','info','/loginCheck.do','POST','{\"password\":\"\",\"code\":\"ZBNDK\",\"username\":\"admin\"}',NULL,'admin','192.168.1.102','XX 内网IP','2019-11-14 17:13:50',34),(76,'用户登陆','info','/loginCheck.do','POST','{\"password\":\"\",\"code\":\"ZBNDK\",\"username\":\"admin\"}',NULL,'admin','192.168.1.102','XX 内网IP','2019-11-14 17:13:50',6),(77,'角色赋权','info','/role/ajax_save_role_res.do','POST','{\"roleId\":\"51\",\"resourceIds[]\":\"7\"}',NULL,'admin','192.168.1.102','XX 内网IP','2019-11-14 17:15:08',95),(78,'用户登陆','info','/loginCheck.do','POST','{\"password\":\"\",\"code\":\"dcubv\",\"username\":\"admin\"}',NULL,'admin','192.168.1.102','XX 内网IP','2019-11-15 10:13:55',35),(79,'用户登陆','info','/loginCheck.do','POST','{\"password\":\"\",\"code\":\"v7oj5\",\"username\":\"admin\"}',NULL,'admin','192.168.1.102','XX 内网IP','2019-11-15 11:32:19',195),(80,'用户登陆','info','/loginCheck.do','POST','{\"password\":\"\",\"code\":\"xjtay\",\"username\":\"admin\"}',NULL,'admin','192.168.1.102','XX 内网IP','2019-11-15 14:04:27',20),(81,'保存用户信息','info','/user/ajax_save_user.do','POST','{\"userStatus\":\"0\",\"userLoginName\":\"asdasd\",\"userName\":\"用户\",\"userId\":\"\"}',NULL,'admin','192.168.1.102','XX 内网IP','2019-11-15 14:04:57',10),(82,'保存用户信息','info','/user/ajax_save_user.do','POST','{\"userStatus\":\"0\",\"userLoginName\":\"asdasd\",\"userName\":\"用户\",\"userId\":\"\"}',NULL,'admin','192.168.1.102','XX 内网IP','2019-11-15 14:05:02',7),(83,'用户登陆','info','/loginCheck.do','POST','{\"password\":\"\",\"code\":\"vzm6f\",\"username\":\"admin\"}',NULL,'admin','192.168.1.102','XX 内网IP','2019-11-15 14:24:38',42),(84,'用户登陆','info','/loginCheck.do','POST','{\"password\":\"\",\"code\":\"icw4n\",\"username\":\"admin\"}',NULL,'admin','192.168.1.102','XX 内网IP','2019-11-15 15:21:10',35),(85,'保存矿卡','info','/gameMineral/ajax_save_mineralCode.do','POST','{\"mineralCodeDesc\":\"测试商品矿卡\",\"num\":\"20\",\"mineral\":\"300\"}',NULL,'admin','192.168.1.102','XX 内网IP','2019-11-15 15:21:22',100),(86,'保存矿卡','info','/gameMineral/ajax_save_mineralCode.do','POST','{\"mineralCodeDesc\":\"1\",\"num\":\"10\",\"mineral\":\"300\"}',NULL,'admin','192.168.1.102','XX 内网IP','2019-11-15 15:45:32',63),(87,'保存矿卡','info','/gameMineral/ajax_save_mineralCode.do','POST','{\"mineralCodeDesc\":\"1\",\"num\":\"1\",\"mineral\":\"300\"}',NULL,'admin','192.168.1.102','XX 内网IP','2019-11-15 15:45:48',6),(88,'保存矿卡','info','/gameMineral/ajax_save_mineralCode.do','POST','{\"mineralCodeDesc\":\"1\",\"num\":\"1\",\"mineral\":\"1\"}',NULL,'admin','192.168.1.102','XX 内网IP','2019-11-15 15:47:21',7),(89,'用户登陆','info','/loginCheck.do','POST','{\"password\":\"\",\"code\":\"6msts\",\"username\":\"admin\"}',NULL,'admin','192.168.1.102','XX 内网IP','2019-11-15 16:55:24',47),(90,'保存矿卡','info','/gameMineral/ajax_save_mineralCode.do','POST','{\"mineralCodeDesc\":\"测试商品矿卡\",\"num\":\"1\",\"mineral\":\"300\"}',NULL,'admin','192.168.1.102','XX 内网IP','2019-11-15 16:55:43',58),(91,'保存矿卡','info','/gameMineral/ajax_save_mineralCode.do','POST','{\"mineralCodeDesc\":\"测试商品矿卡\",\"num\":\"1\",\"mineral\":\"300\"}',NULL,'admin','192.168.1.102','XX 内网IP','2019-11-15 16:56:14',25),(92,'保存矿卡','info','/gameMineral/ajax_save_mineralCode.do','POST','{\"mineralCodeDesc\":\"测试商品矿卡\",\"num\":\"1\",\"mineral\":\"300\"}',NULL,'admin','192.168.1.102','XX 内网IP','2019-11-15 17:07:06',93),(93,'保存矿卡','info','/gameMineral/ajax_save_mineralCode.do','POST','{\"mineralCodeDesc\":\"测试商品矿卡\",\"num\":\"20\",\"mineral\":\"300\"}',NULL,'admin','192.168.1.102','XX 内网IP','2019-11-15 17:08:54',497),(94,'保存矿卡','info','/gameMineral/ajax_save_mineralCode.do','POST','{\"mineralCodeDesc\":\"测试商品矿卡\",\"num\":\"100\",\"mineral\":\"300\"}',NULL,'admin','192.168.1.102','XX 内网IP','2019-11-15 17:21:21',45),(95,'保存矿卡','info','/gameMineral/ajax_save_mineralCode.do','POST','{\"mineralCodeDesc\":\"测试商品矿卡\",\"num\":\"100\",\"mineral\":\"300\"}',NULL,'admin','192.168.1.102','XX 内网IP','2019-11-15 17:22:51',28),(96,'保存矿卡','info','/gameMineral/ajax_save_mineralCode.do','POST','{\"mineralCodeDesc\":\"测试商品矿卡\",\"num\":\"100\",\"mineral\":\"300\"}',NULL,'admin','192.168.1.102','XX 内网IP','2019-11-15 17:25:56',149),(97,'保存矿卡','info','/gameMineral/ajax_save_mineralCode.do','POST','{\"mineralCodeDesc\":\"测试商品矿卡\",\"num\":\"20\",\"mineral\":\"300\"}',NULL,'admin','192.168.1.102','XX 内网IP','2019-11-15 17:27:25',35),(98,'保存矿卡','info','/gameMineral/ajax_save_mineralCode.do','POST','{\"mineralCodeDesc\":\"测试商品矿卡\",\"num\":\"10\",\"mineral\":\"300\"}',NULL,'admin','192.168.1.102','XX 内网IP','2019-11-15 17:28:36',137),(99,'保存矿卡','info','/gameMineral/ajax_save_mineralCode.do','POST','{\"mineralCodeDesc\":\"测试商品矿卡\",\"num\":\"10\",\"mineral\":\"300\"}',NULL,'admin','192.168.1.102','XX 内网IP','2019-11-15 17:48:04',46),(100,'保存矿卡','info','/gameMineral/ajax_save_mineralCode.do','POST','{\"mineralCodeDesc\":\"测试商品矿卡\",\"num\":\"20\",\"mineral\":\"300\"}',NULL,'admin','192.168.1.102','XX 内网IP','2019-11-15 17:51:48',39),(101,'保存矿卡','info','/gameMineral/ajax_save_mineralCode.do','POST','{\"mineralCodeDesc\":\"测试商品矿卡\",\"num\":\"20\",\"mineral\":\"300\"}',NULL,'admin','192.168.1.102','XX 内网IP','2019-11-15 17:53:20',42),(102,'保存矿卡','info','/gameMineral/ajax_save_mineralCode.do','POST','{\"mineralCodeDesc\":\"测试商品矿卡\",\"num\":\"20\",\"mineral\":\"300\"}',NULL,'admin','192.168.1.102','XX 内网IP','2019-11-15 17:54:53',529),(103,'保存矿卡','info','/gameMineral/ajax_save_mineralCode.do','POST','{\"mineralCodeDesc\":\"测试商品矿卡\",\"num\":\"100\",\"mineral\":\"300\"}',NULL,'admin','192.168.1.102','XX 内网IP','2019-11-15 17:55:41',2262),(104,'用户登陆','info','/loginCheck.do','POST','{\"password\":\"\",\"code\":\"qav8q\",\"username\":\"admin\"}',NULL,'admin','192.168.1.102','XX 内网IP','2019-11-18 10:27:24',47),(105,'保存矿卡','info','/gameMineral/ajax_save_mineralCode.do','POST','{\"mineralCodeDesc\":\"测试商品矿卡\",\"num\":\"10\",\"mineral\":\"300\"}',NULL,'admin','192.168.1.102','XX 内网IP','2019-11-18 10:28:06',310),(106,'用户登陆','info','/loginCheck.do','POST','{\"password\":\"\",\"code\":\"5ixn6\",\"username\":\"admin\"}',NULL,'admin','192.168.1.102','XX 内网IP','2019-11-18 11:24:58',9),(107,'用户登陆','info','/gameManagerSystem-0.0.1-SNAPSHOT/loginCheck.do','POST','{\"password\":\"\",\"code\":\"xds8m\",\"username\":\"admin\"}',NULL,'admin','175.0.116.94','湖南 长沙','2019-11-26 13:48:39',136),(108,'用户登陆','info','/gameManagerSystem-0.0.1-SNAPSHOT/loginCheck.do','POST','{\"password\":\"\",\"code\":\"os5kw\",\"username\":\"admin\"}',NULL,'admin','175.0.116.94','湖南 长沙','2019-11-26 13:49:10',1),(109,'用户登陆','info','/gameManagerSystem-0.0.1-SNAPSHOT/loginCheck.do','POST','{\"password\":\"\",\"code\":\"qpsrm\",\"username\":\"admin\"}',NULL,'admin','175.0.116.94','湖南 长沙','2019-11-26 13:49:16',7),(110,'用户登陆','info','/gameManagerSystem/loginCheck.do','POST','{\"password\":\"\",\"code\":\"qiq5p\",\"username\":\"admin\"}',NULL,'admin','175.0.116.94','湖南 长沙','2019-11-26 14:11:29',49),(111,'用户登陆','info','/gameManagerSystem/loginCheck.do','POST','{\"password\":\"\",\"code\":\"kxknv\",\"username\":\"admin\"}',NULL,'admin','175.0.116.94','湖南 长沙','2019-11-26 14:29:09',57),(112,'角色赋权','info','/gameManagerSystem/role/ajax_save_role_res.do','POST','{\"roleId\":\"51\",\"resourceIds[]\":\"7\"}',NULL,'admin','175.0.116.94','湖南 长沙','2019-11-26 14:34:20',92),(113,'用户登陆','info','/gameManagerSystem/loginCheck.do','POST','{\"password\":\"\",\"code\":\"3kuqe\",\"username\":\"admin\"}',NULL,'admin','175.0.116.94','湖南 长沙','2019-11-26 15:16:16',47),(114,'用户登陆','info','/gameManagerSystem/loginCheck.do','POST','{\"password\":\"\",\"code\":\"oakso\",\"username\":\"admin\"}',NULL,'admin','175.0.116.94','湖南 长沙','2019-11-26 15:20:21',59),(115,'用户登陆','info','/gameManagerSystem/loginCheck.do','POST','{\"password\":\"\",\"code\":\"ogsr4\",\"username\":\"admin\"}',NULL,'admin','175.0.116.94','湖南 长沙','2019-11-26 17:20:14',5),(116,'用户登陆','info','/gameManagerSystem/loginCheck.do','POST','{\"password\":\"\",\"code\":\"zjr7z\",\"username\":\"admin\"}',NULL,'admin','175.0.116.94','湖南 长沙','2019-11-27 09:30:33',6),(117,'用户登陆','info','/gameManagerSystem/loginCheck.do','POST','{\"password\":\"\",\"code\":\"morku\",\"username\":\"admin\"}',NULL,'admin','175.0.116.94','湖南 长沙','2019-11-28 15:16:56',13),(118,'用户登陆','info','/gameManagerSystem/loginCheck.do','POST','{\"password\":\"\",\"code\":\"morku\",\"username\":\"admin\"}',NULL,'admin','175.0.116.94','湖南 长沙','2019-11-28 15:17:28',5),(119,'用户登陆','info','/gameManagerSystem/loginCheck.do','POST','{\"password\":\"\",\"code\":\"DOICY\",\"username\":\"admin\"}',NULL,'admin','175.0.116.94','湖南 长沙','2019-11-28 15:20:53',6),(120,'用户登陆','info','/gameManagerSystem/loginCheck.do','POST','{\"password\":\"\",\"code\":\"DOKCY\",\"username\":\"admin\"}',NULL,'admin','175.0.116.94','湖南 长沙','2019-11-28 15:21:35',2),(121,'用户登陆','info','/gameManagerSystem/loginCheck.do','POST','{\"password\":\"\",\"code\":\"DOKCY\",\"username\":\"admin\"}',NULL,'admin','175.0.116.94','湖南 长沙','2019-11-28 15:22:05',1),(122,'用户登陆','info','/gameManagerSystem/loginCheck.do','POST','{\"password\":\"\",\"code\":\"DNM7B\",\"username\":\"admin\"}',NULL,'admin','175.0.116.94','湖南 长沙','2019-11-28 15:22:18',6),(123,'用户登陆','info','/gameManagerSystem/loginCheck.do','POST','{\"password\":\"\",\"code\":\"yue7a\",\"username\":\"admin\"}',NULL,'admin','175.0.116.94','湖南 长沙','2019-11-28 17:25:05',6),(124,'用户登陆','info','/gameManagerSystem/loginCheck.do','POST','{\"password\":\"\",\"code\":\"3pyyi\",\"username\":\"admin\"}',NULL,'admin','175.0.116.94','湖南 长沙','2019-11-28 18:06:32',5),(125,'用户登陆','info','/gameManagerSystem/loginCheck.do','POST','{\"password\":\"\",\"code\":\"ventz\",\"username\":\"admin\"}',NULL,'admin','175.0.116.94','湖南 长沙','2019-12-02 15:20:16',48),(126,'用户登陆','info','/gameManagerSystem/loginCheck.do','POST','{\"password\":\"\",\"code\":\"ventz\",\"username\":\"admin\"}',NULL,'admin','175.0.116.94','湖南 长沙','2019-12-02 15:20:38',6),(127,'用户登陆','info','/gameManagerSystem/loginCheck.do','POST','{\"password\":\"\",\"code\":\"vsbry\",\"username\":\"admin\"}',NULL,'admin','175.0.116.94','湖南 长沙','2019-12-02 15:55:34',95),(128,'用户登陆','info','/gameManagerSystem/loginCheck.do','POST','{\"password\":\"\",\"code\":\"bw3yj\",\"username\":\"admin\"}',NULL,'admin','175.0.116.94','湖南 长沙','2019-12-02 16:00:06',57),(129,'用户登陆','info','/gameManagerSystem/loginCheck.do','POST','{\"password\":\"\",\"code\":\"sndgf\",\"username\":\"admin\"}',NULL,'admin','175.0.116.94','湖南 长沙','2019-12-02 16:04:27',50),(130,'用户登陆','info','/gameManagerSystem/loginCheck.do','POST','{\"password\":\"\",\"code\":\"xtdvb\",\"username\":\"admin\"}',NULL,'admin','175.0.116.94','湖南 长沙','2019-12-02 16:08:45',47),(131,'用户登陆','info','/gameManagerSystem/loginCheck.do','POST','{\"password\":\"\",\"code\":\"xtdvb\",\"username\":\"admin\"}',NULL,'admin','175.0.116.94','湖南 长沙','2019-12-02 16:12:53',7),(132,'用户登陆','info','/gameManagerSystem/loginCheck.do','POST','{\"password\":\"\",\"code\":\"33azm\",\"username\":\"admin\"}',NULL,'admin','175.0.116.94','湖南 长沙','2019-12-02 16:17:05',49),(133,'用户登陆','info','/gameManagerSystem/loginCheck.do','POST','{\"password\":\"\",\"code\":\"pqzct\",\"username\":\"admin\"}',NULL,'admin','175.0.116.94','湖南 长沙','2019-12-02 16:20:00',61),(134,'用户登陆','info','/gameManagerSystem/loginCheck.do','POST','{\"password\":\"\",\"code\":\"xz3gb\",\"username\":\"admin\"}',NULL,'admin','175.0.116.94','湖南 长沙','2019-12-02 16:28:07',56),(135,'用户登陆','info','/gameManagerSystem/loginCheck.do','POST','{\"password\":\"\",\"code\":\"xz3gb\",\"username\":\"admin\"}',NULL,'admin','175.0.116.94','湖南 长沙','2019-12-02 16:43:42',7),(136,'用户登陆','info','/gameManagerSystem/loginCheck.do','POST','{\"password\":\"\",\"code\":\"xtyul\",\"username\":\"admin\"}',NULL,'admin','175.0.116.94','湖南 长沙','2019-12-02 16:48:13',84),(137,'用户登陆','info','/gameManagerSystem/loginCheck.do','POST','{\"password\":\"\",\"code\":\"umsjd\",\"username\":\"admin\"}',NULL,'admin','175.0.116.94','湖南 长沙','2019-12-02 17:05:51',90),(138,'用户登陆','info','/gameManagerSystem/loginCheck.do','POST','{\"password\":\"\",\"code\":\"p1kzm\",\"username\":\"admin\"}',NULL,'admin','175.0.116.94','湖南 长沙','2019-12-02 17:10:49',66),(139,'用户登陆','info','/gameManagerSystem/loginCheck.do','POST','{\"password\":\"\",\"code\":\"nnsdw\",\"username\":\"admin\"}',NULL,'admin','175.0.116.94','湖南 长沙','2019-12-02 17:21:19',62),(140,'用户登陆','info','/gameManagerSystem/loginCheck.do','POST','{\"password\":\"\",\"code\":\"q2543\",\"username\":\"admin\"}',NULL,'admin','175.0.116.94','湖南 长沙','2019-12-02 17:22:57',62),(141,'用户登陆','info','/gameManagerSystem/loginCheck.do','POST','{\"password\":\"\",\"code\":\"2tzi9\",\"username\":\"admin\"}',NULL,'admin','175.0.116.94','湖南 长沙','2019-12-02 17:24:16',9),(142,'用户登陆','info','/gameManagerSystem/loginCheck.do','POST','{\"password\":\"\",\"code\":\"embhj\",\"username\":\"admin\"}',NULL,'admin','175.0.116.94','湖南 长沙','2019-12-02 17:26:22',8),(143,'用户登陆','info','/gameManagerSystem/loginCheck.do','POST','{\"password\":\"\",\"code\":\"malnq\",\"username\":\"admin\"}',NULL,'admin','175.0.116.94','湖南 长沙','2019-12-02 17:28:14',6),(144,'用户登陆','info','/gameManagerSystem/loginCheck.do','POST','{\"password\":\"\",\"code\":\"ehoak\",\"username\":\"admin\"}',NULL,'admin','175.0.116.94','湖南 长沙','2019-12-02 17:34:45',55),(145,'用户登陆','info','/gameManagerSystem/loginCheck.do','POST','{\"password\":\"\",\"code\":\"9fsgz\",\"username\":\"admin\"}',NULL,'admin','175.0.116.94','湖南 长沙','2019-12-02 17:49:58',59),(146,'用户登陆','info','/gameManagerSystem/loginCheck.do','POST','{\"password\":\"\",\"code\":\"wpswp\",\"username\":\"admin\"}',NULL,'admin','175.0.116.94','湖南 长沙','2019-12-02 17:51:50',8),(147,'用户登陆','info','/gameManagerSystem/loginCheck.do','POST','{\"password\":\"\",\"code\":\"shaj7\",\"username\":\"admin\"}',NULL,'admin','175.0.116.94','湖南 长沙','2019-12-02 17:58:38',6),(148,'用户登陆','info','/gameManagerSystem/loginCheck.do','POST','{\"password\":\"\",\"code\":\"mj6kr\",\"username\":\"admin\"}',NULL,'admin','175.0.116.94','湖南 长沙','2019-12-02 17:59:45',7),(149,'用户登陆','info','/gameManagerSystem/loginCheck.do','POST','{\"password\":\"\",\"code\":\"b5cwj\",\"username\":\"admin\"}',NULL,'admin','175.0.116.94','湖南 长沙','2019-12-02 18:01:56',7),(150,'用户登陆','info','/gameManagerSystem/loginCheck.do','POST','{\"password\":\"\",\"code\":\"8v8yr\",\"username\":\"admin\"}',NULL,'admin','175.0.116.94','湖南 长沙','2019-12-02 18:04:16',57),(151,'用户登陆','info','/gameManagerSystem/loginCheck.do','POST','{\"password\":\"\",\"code\":\"lovgg\",\"username\":\"admin\"}',NULL,'admin','175.0.116.94','湖南 长沙','2019-12-02 18:07:36',58),(152,'用户登陆','info','/gameManagerSystem/loginCheck.do','POST','{\"password\":\"\",\"code\":\"s6yt6\",\"username\":\"admin\"}',NULL,'admin','175.0.116.94','湖南 长沙','2019-12-02 18:21:35',6),(153,'用户登陆','info','/gameManagerSystem/loginCheck.do','POST','{\"password\":\"\",\"code\":\"1qhn4\",\"username\":\"admin\"}',NULL,'admin','175.0.116.94','湖南 长沙','2019-12-03 09:18:20',5),(154,'用户登陆','info','/gameManagerSystem/loginCheck.do','POST','{\"password\":\"\",\"code\":\"JBBHD\",\"username\":\"admin\"}',NULL,'admin','175.0.116.94','湖南 长沙','2019-12-03 09:23:51',54),(155,'用户登陆','info','/gameManagerSystem/loginCheck.do','POST','{\"password\":\"\",\"code\":\"a3ewu\",\"username\":\"user_1\"}',NULL,'user_1','175.0.116.94','湖南 长沙','2019-12-03 11:59:13',6),(156,'用户登陆','info','/gameManagerSystem/loginCheck.do','POST','{\"password\":\"\",\"code\":\"xyryk\",\"username\":\"admin\"}',NULL,'user_1','175.0.116.94','湖南 长沙','2019-12-03 11:59:53',2),(157,'用户登陆','info','/gameManagerSystem/loginCheck.do','POST','{\"password\":\"\",\"code\":\"lbpfg\",\"username\":\"admin\"}',NULL,'user_1','175.0.116.94','湖南 长沙','2019-12-03 11:59:59',1),(158,'用户登陆','info','/gameManagerSystem/loginCheck.do','POST','{\"password\":\"\",\"code\":\"wmbwu\",\"username\":\"admin\"}',NULL,'admin','175.0.116.94','湖南 长沙','2019-12-03 12:00:04',5),(159,'角色赋权','info','/gameManagerSystem/role/ajax_save_role_res.do','POST','{\"roleId\":\"53\",\"resourceIds[]\":\"57\"}',NULL,'admin','175.0.116.94','湖南 长沙','2019-12-03 12:00:35',32),(160,'用户登陆','info','/gameManagerSystem/loginCheck.do','POST','{\"password\":\"\",\"code\":\"y6ced\",\"username\":\"admin\"}',NULL,'admin','175.0.116.94','湖南 长沙','2019-12-03 15:55:14',66),(161,'用户登陆','info','/gameManagerSystem/loginCheck.do','POST','{\"password\":\"\",\"code\":\"8gdgn\",\"username\":\"admin\"}',NULL,'admin','175.0.116.94','湖南 长沙','2019-12-03 15:55:56',6),(162,'角色赋权','info','/gameManagerSystem/role/ajax_save_role_res.do','POST','{\"roleId\":\"53\",\"resourceIds[]\":\"57\"}',NULL,'admin','175.0.116.94','湖南 长沙','2019-12-03 15:56:43',32),(163,'角色赋权','info','/gameManagerSystem/role/ajax_save_role_res.do','POST','{\"roleId\":\"51\",\"resourceIds[]\":\"7\"}',NULL,'admin','175.0.116.94','湖南 长沙','2019-12-03 15:56:52',118),(164,'角色赋权','info','/gameManagerSystem/role/ajax_save_role_res.do','POST','{\"roleId\":\"52\",\"resourceIds[]\":\"7\"}',NULL,'admin','175.0.116.94','湖南 长沙','2019-12-03 15:58:44',40),(165,'用户登陆','info','/gameManagerSystem/loginCheck.do','POST','{\"password\":\"\",\"code\":\"p77qh\",\"username\":\"admin\"}',NULL,'admin','175.0.116.94','湖南 长沙','2019-12-03 16:05:04',6),(166,'用户登陆','info','/gameManagerSystem/loginCheck.do','POST','{\"password\":\"\",\"code\":\"rnhx6\",\"username\":\"admin\"}',NULL,'admin','175.0.116.94','湖南 长沙','2019-12-04 17:45:31',13),(167,'用户登陆','info','/gameManagerSystem/loginCheck.do','POST','{\"password\":\"\",\"code\":\"ndslq\",\"username\":\"admin\"}',NULL,'admin','175.0.116.94','湖南 长沙','2019-12-04 17:49:42',7),(168,'用户登陆','info','/gameManagerSystem/loginCheck.do','POST','{\"password\":\"\",\"code\":\"ydgjy\",\"username\":\"admin\"}',NULL,'admin','175.0.116.94','湖南 长沙','2019-12-05 11:26:24',18),(169,'用户登陆','info','/gameManagerSystem/loginCheck.do','POST','{\"password\":\"\",\"code\":\"p1ro6\",\"username\":\"admin\"}',NULL,'admin','175.0.116.94','湖南 长沙','2019-12-05 17:00:38',6),(170,'用户登陆','info','/gameManagerSystem/loginCheck.do','POST','{\"password\":\"\",\"code\":\"8tzoe\",\"username\":\"admin\"}',NULL,'admin','175.0.116.94','湖南 长沙','2019-12-06 09:41:17',5),(171,'用户登陆','info','/gameManagerSystem/loginCheck.do','POST','{\"password\":\"\",\"code\":\"6pfgu\",\"username\":\"admin\"}',NULL,'admin','175.0.116.94','湖南 长沙','2019-12-06 10:51:47',6),(172,'用户登陆','info','/gameManagerSystem/loginCheck.do','POST','{\"password\":\"\",\"code\":\"wbfto\",\"username\":\"admin\"}',NULL,'admin','175.0.116.94','湖南 长沙','2019-12-06 16:56:23',6),(173,'角色赋权','info','/gameManagerSystem/role/ajax_save_role_res.do','POST','{\"roleId\":\"53\",\"resourceIds[]\":\"57\"}',NULL,'admin','175.0.116.94','湖南 长沙','2019-12-06 17:13:58',40),(174,'用户登陆','info','/gameManagerSystem/loginCheck.do','POST','{\"password\":\"\",\"code\":\"huw9h\",\"username\":\"user_1\"}',NULL,'user_1','175.0.116.94','湖南 长沙','2019-12-06 17:14:22',7),(175,'用户登陆','info','/gameManagerSystem/loginCheck.do','POST','{\"password\":\"\",\"code\":\"rkdv8\",\"username\":\"user_1\"}',NULL,'user_1','113.246.235.138','湖南 长沙','2019-12-09 14:52:35',4),(176,'用户登陆','info','/gameManagerSystem/loginCheck.do','POST','{\"password\":\"\",\"code\":\"5a23t\",\"username\":\"admin\"}',NULL,'admin','175.0.119.146','湖南 长沙','2019-12-09 15:29:57',5);

#
# Structure for table "cc_user"
#

DROP TABLE IF EXISTS `cc_user`;
CREATE TABLE `cc_user` (
  `user_id` int(11) NOT NULL AUTO_INCREMENT,
  `user_login_name` varchar(50) NOT NULL,
  `user_name` varchar(100) NOT NULL,
  `user_password` varchar(100) NOT NULL,
  `user_status` bigint(20) NOT NULL,
  `creator` varchar(50) NOT NULL,
  `create_time` datetime NOT NULL,
  `modifier` varchar(50) DEFAULT NULL,
  `update_time` datetime DEFAULT NULL,
  PRIMARY KEY (`user_id`)
) ENGINE=InnoDB AUTO_INCREMENT=159 DEFAULT CHARSET=utf8;

#
# Data for table "cc_user"
#

INSERT INTO `cc_user` VALUES (8,'admin','超级管理员','021104040098',0,'admin','2017-08-22 14:30:53','admin','2017-08-22 16:12:36'),(9,'systemMng','系统管理员','150521',0,'admin','2017-08-22 14:30:53','admin','2019-11-08 11:51:44'),(10,'user_1','用户1','123456',0,'admin','2017-08-16 16:04:08','admin','2017-08-22 14:26:57');

#
# Structure for table "cc_user_role"
#

DROP TABLE IF EXISTS `cc_user_role`;
CREATE TABLE `cc_user_role` (
  `user_role_id` int(11) NOT NULL AUTO_INCREMENT,
  `user_id` int(11) DEFAULT NULL,
  `role_id` int(11) DEFAULT NULL,
  `creator` varchar(40) DEFAULT NULL,
  `create_time` datetime DEFAULT NULL,
  `modifier` varchar(40) DEFAULT NULL,
  `modifier_time` datetime DEFAULT NULL,
  PRIMARY KEY (`user_role_id`)
) ENGINE=InnoDB AUTO_INCREMENT=514 DEFAULT CHARSET=utf8 COMMENT='用户和角色关系表';

#
# Data for table "cc_user_role"
#

INSERT INTO `cc_user_role` VALUES (1,8,51,'admin','2019-08-22 14:39:28',NULL,NULL),(2,9,52,'admin','2019-08-22 14:39:28',NULL,NULL),(3,10,53,'admin','2019-08-22 14:39:28',NULL,NULL);

#
# Structure for table "coinFailed"
#

DROP TABLE IF EXISTS `coinFailed`;
CREATE TABLE `coinFailed` (
  `id` int(11) NOT NULL AUTO_INCREMENT,
  `uid` int(11) NOT NULL DEFAULT '0',
  `nick` varchar(255) NOT NULL DEFAULT '',
  `cost` int(11) NOT NULL DEFAULT '0',
  `type` int(11) NOT NULL DEFAULT '0',
  `tagId` int(11) NOT NULL DEFAULT '0',
  `reason` varchar(255) NOT NULL DEFAULT '',
  `time` bigint(11) NOT NULL DEFAULT '0',
  PRIMARY KEY (`id`),
  KEY `uid` (`uid`),
  KEY `type` (`type`),
  KEY `tagId` (`tagId`)
) ENGINE=InnoDB DEFAULT CHARSET=utf8mb4;

#
# Data for table "coinFailed"
#


#
# Structure for table "freeze"
#

DROP TABLE IF EXISTS `freeze`;
CREATE TABLE `freeze` (
  `id` int(11) NOT NULL AUTO_INCREMENT,
  `uid` int(11) NOT NULL DEFAULT '0',
  `orderId` int(11) NOT NULL DEFAULT '0',
  `coin` int(11) NOT NULL DEFAULT '0',
  `orderType` int(11) NOT NULL DEFAULT '0',
  `time` bigint(11) NOT NULL DEFAULT '0',
  PRIMARY KEY (`id`),
  KEY `orderId` (`orderId`)
) ENGINE=InnoDB DEFAULT CHARSET=utf8;

#
# Data for table "freeze"
#


#
# Structure for table "gamePresenter"
#

DROP TABLE IF EXISTS `gamePresenter`;
CREATE TABLE `gamePresenter` (
  `id` int(11) NOT NULL AUTO_INCREMENT,
  `uid` int(11) NOT NULL DEFAULT '0',
  `presenterId` int(11) NOT NULL DEFAULT '0',
  `time` bigint(1) NOT NULL DEFAULT '0',
  PRIMARY KEY (`id`),
  UNIQUE KEY `uid` (`uid`),
  KEY `presenterId` (`presenterId`)
) ENGINE=InnoDB AUTO_INCREMENT=4 DEFAULT CHARSET=utf8mb4;

#
# Data for table "gamePresenter"
#

INSERT INTO `gamePresenter` VALUES (1,1,0,1576217522),(2,2,0,1576217572),(3,3,0,1576219128);

#
# Structure for table "gameRec"
#

DROP TABLE IF EXISTS `gameRec`;
CREATE TABLE `gameRec` (
  `id` int(11) NOT NULL AUTO_INCREMENT,
  `recordCode` varchar(255) NOT NULL DEFAULT '' COMMENT '对局码',
  `gameId` int(11) NOT NULL DEFAULT '0',
  `gameResult` varchar(255) NOT NULL DEFAULT '',
  `beginTime` bigint(1) NOT NULL DEFAULT '0',
  `endTime` bigint(1) NOT NULL DEFAULT '0',
  PRIMARY KEY (`id`),
  KEY `recordCode` (`recordCode`)
) ENGINE=InnoDB AUTO_INCREMENT=2 DEFAULT CHARSET=utf8mb4 COMMENT='游戏对局记录';

#
# Data for table "gameRec"
#

INSERT INTO `gameRec` VALUES (1,'Svr:115762178271',3,'',1576217827,0);

#
# Structure for table "gameUser"
#

DROP TABLE IF EXISTS `gameUser`;
CREATE TABLE `gameUser` (
  `id` int(11) NOT NULL AUTO_INCREMENT,
  `acc` varchar(255) NOT NULL DEFAULT '',
  `aid` int(11) NOT NULL DEFAULT '0',
  `plat` int(11) NOT NULL DEFAULT '0',
  `phone` varchar(255) NOT NULL DEFAULT '',
  `email` varchar(255) NOT NULL DEFAULT '',
  `nick` varchar(255) NOT NULL DEFAULT '',
  `sex` int(11) NOT NULL DEFAULT '0',
  `photo` varchar(255) NOT NULL DEFAULT '',
  `coin` int(11) NOT NULL DEFAULT '0',
  `extractPwd` varchar(255) NOT NULL DEFAULT '',
  `regTime` bigint(11) NOT NULL DEFAULT '0',
  `version` int(11) NOT NULL DEFAULT '0',
  PRIMARY KEY (`id`),
  UNIQUE KEY `acc` (`acc`,`plat`)
) ENGINE=InnoDB AUTO_INCREMENT=4 DEFAULT CHARSET=utf8;

#
# Data for table "gameUser"
#

INSERT INTO `gameUser` VALUES (1,'w18570603854',0,0,'18570603854','','w18570603854',1,'',0,'',1576217522,0),(2,'a18570603854',0,0,'18570603854','','a18570603854',1,'',0,'',1576217572,0),(3,'b18570603854',0,0,'18570603854','','b18570603854',1,'',0,'',1576219128,0);

#
# Structure for table "mineralBills"
#

DROP TABLE IF EXISTS `mineralBills`;
CREATE TABLE `mineralBills` (
  `id` int(11) NOT NULL AUTO_INCREMENT,
  `uid` int(11) NOT NULL DEFAULT '0',
  `nick` varchar(255) NOT NULL DEFAULT '',
  `mineral` int(11) NOT NULL DEFAULT '0',
  `cost` int(11) NOT NULL DEFAULT '0',
  `freeze` int(11) NOT NULL DEFAULT '0',
  `type` int(11) NOT NULL DEFAULT '0',
  `tagId` int(11) NOT NULL DEFAULT '0',
  `reason` varchar(255) NOT NULL DEFAULT '',
  `time` bigint(1) NOT NULL DEFAULT '0',
  PRIMARY KEY (`id`)
) ENGINE=InnoDB DEFAULT CHARSET=utf8mb4 COMMENT='矿石账单';

#
# Data for table "mineralBills"
#


#
# Structure for table "mineralCode"
#

DROP TABLE IF EXISTS `mineralCode`;
CREATE TABLE `mineralCode` (
  `id` int(11) NOT NULL AUTO_INCREMENT,
  `codeNo` varchar(255) NOT NULL DEFAULT '',
  `mineral` int(11) NOT NULL DEFAULT '0',
  `status` int(11) NOT NULL DEFAULT '0' COMMENT '0 :有效/1：已用/2:废弃',
  `codeDesc` varchar(255) NOT NULL DEFAULT '' COMMENT '矿石码描述',
  `type` int(11) NOT NULL DEFAULT '0' COMMENT '矿石码商品类型 0：腕力球',
  `uid` int(11) NOT NULL DEFAULT '0' COMMENT '消费者id',
  PRIMARY KEY (`id`),
  UNIQUE KEY `codeNo` (`codeNo`)
) ENGINE=InnoDB AUTO_INCREMENT=1352 DEFAULT CHARSET=utf8mb4 COMMENT='矿石卡用于冲矿';

#
# Data for table "mineralCode"
#

INSERT INTO `mineralCode` VALUES (1,'n9ZpHC5D7qQV26BAp/M9cQ==',29800,0,'挖哈哈腕力球',0,0),(2,'LYMioix1ICAE1gGpkHPzRQ==',29800,0,'挖哈哈腕力球',0,0),(3,'wD5uzf5TIYFja8wt+AHWJQ==',29800,0,'挖哈哈腕力球',0,0),(4,'85ys4v8+sulOggtclQuaEA==',29800,0,'挖哈哈腕力球',0,0),(5,'7VMbDs/uuBxiAd0zernvZA==',29800,0,'挖哈哈腕力球',0,0),(6,'7mX2vRfqtv2IHRv6kKFYkg==',29800,0,'挖哈哈腕力球',0,0),(7,'pyTANlIgf2/wONH4mtgNeQ==',29800,0,'挖哈哈腕力球',0,0),(8,'Bp8AM1o2gRDEbqWA6zxZ+A==',29800,0,'挖哈哈腕力球',0,0),(9,'dGqKgb1tGUyXuamrBUdT5w==',29800,0,'挖哈哈腕力球',0,0),(10,'GpI6tKuW/N7DyxFP/bYPAw==',29800,0,'挖哈哈腕力球',0,0),(11,'DlawUzeQ1uFeFpHecRAmOQ==',29800,0,'挖哈哈腕力球',0,0),(12,'0POjyFyCpe9UBvxv746vog==',29800,0,'挖哈哈腕力球',0,0),(13,'WTFoG4OJTQhZuGXZnW1z5w==',29800,0,'挖哈哈腕力球',0,0),(14,'hOKI5yvpfIQZkklLwqH5nQ==',29800,0,'挖哈哈腕力球',0,0),(15,'fFHPZ0e4nXsvdONNgP4soQ==',29800,0,'挖哈哈腕力球',0,0),(16,'b0rexWtLwe3vPwck5Hl1Zw==',29800,0,'挖哈哈腕力球',0,0),(17,'u6tI59VO0Ipy94ofd+Rsdw==',29800,0,'挖哈哈腕力球',0,0),(18,'oGzg6fFURi+r1EFObQM4KA==',29800,0,'挖哈哈腕力球',0,0),(19,'ElHVTKMSFrAy39sReJncTQ==',29800,0,'挖哈哈腕力球',0,0),(20,'KbZaDzSEc31UvrLmX/7QZA==',29800,0,'挖哈哈腕力球',0,0),(21,'hC/MnU5XO3r8xc5TjxLZZg==',29800,0,'挖哈哈腕力球',0,0),(22,'EkPys1inMpBw+KtxlbU3sA==',29800,0,'挖哈哈腕力球',0,0),(23,'LRLMWkkhodj/6vwepClmbQ==',29800,0,'挖哈哈腕力球',0,0),(24,'GiN9nj+z/T69pnlwvSnpdA==',29800,0,'挖哈哈腕力球',0,0),(25,'O0PVJMTetxpc5TbpykzgDA==',29800,0,'挖哈哈腕力球',0,0),(26,'bPOnMMAkPecg/JN67XR0jw==',29800,0,'挖哈哈腕力球',0,0),(27,'pP+j/gEQD7VLSJ0U8DnyZw==',29800,0,'挖哈哈腕力球',0,0),(28,'whGi4h08fLABgZPL3Rby4w==',29800,0,'挖哈哈腕力球',0,0),(29,'M24b5HTd3u30KzJ3fjJsYA==',29800,0,'挖哈哈腕力球',0,0),(30,'AJF0q8WsSvjVGyNtdopKrw==',29800,0,'挖哈哈腕力球',0,0),(31,'eMd4GRMMjhV559FjiBvGZw==',29800,0,'挖哈哈腕力球',0,0),(32,'bAQZZBDBzJB8rpQU/nBvag==',29800,0,'挖哈哈腕力球',0,0),(33,'D+3HemtmMvjqCbFEb4JWlw==',29800,0,'挖哈哈腕力球',0,0),(34,'lsvW6gxShRUuQwfq1R/ZbQ==',29800,0,'挖哈哈腕力球',0,0),(35,'7vdihvrwKgNujgtSIyYtUw==',29800,0,'挖哈哈腕力球',0,0),(36,'qk8Naz92fNV8a0dhK2ciyQ==',29800,0,'挖哈哈腕力球',0,0),(37,'pYxrTxFduIyBsLYA0FrWow==',29800,0,'挖哈哈腕力球',0,0),(38,'o1DIvcg6dVvtmJZ6/lUq0Q==',29800,0,'挖哈哈腕力球',0,0),(39,'8rX4QSSZHuZxoGUjyreB8A==',29800,0,'挖哈哈腕力球',0,0),(40,'E0i46MC2lCeC+RU6UdUmng==',29800,0,'挖哈哈腕力球',0,0),(41,'HtZ/c/S9pIatk+ELKp147A==',29800,0,'挖哈哈腕力球',0,0),(42,'Q8PbM71RSY8IeRu1G3VosQ==',29800,0,'挖哈哈腕力球',0,0),(43,'Ak3tXLj6ZcXuKfMCZ11fsg==',29800,0,'挖哈哈腕力球',0,0),(44,'qxnDrWGBgJMlz7JLMCTgHw==',29800,0,'挖哈哈腕力球',0,0),(45,'eFDzpFRs0nKpI/lp14KrrA==',29800,0,'挖哈哈腕力球',0,0),(46,'sTTPDC2U65GD1CH/62BlTw==',29800,0,'挖哈哈腕力球',0,0),(47,'GbsNvAIouFY14iqNE+IR2g==',29800,0,'挖哈哈腕力球',0,0),(48,'sYuYmLHNJzcDy1zJT9wQQQ==',29800,0,'挖哈哈腕力球',0,0),(49,'mhd6QmVrU+QmHjnoN+rJeg==',29800,0,'挖哈哈腕力球',0,0),(50,'CA7FSqqp8LTygugqDdidww==',29800,0,'挖哈哈腕力球',0,0),(51,'HKQytEV44A58z8WBKWzVtA==',29800,0,'挖哈哈腕力球',0,0),(52,'m6fhKlrnAz0z50wLCYp2tQ==',29800,0,'挖哈哈腕力球',0,0),(53,'VkDkxkIa1/mBsO52PLScjQ==',29800,0,'挖哈哈腕力球',0,0),(54,'nmDUy1Vv3q13+/Yzux8GHA==',29800,0,'挖哈哈腕力球',0,0),(55,'2KNTcnmq1gewBTjZMe2v1A==',29800,0,'挖哈哈腕力球',0,0),(56,'dVj7ugK0d/pqkcoWBuXuYw==',29800,0,'挖哈哈腕力球',0,0),(57,'G5b7QDMV4VlTZgvw0G+Igw==',29800,0,'挖哈哈腕力球',0,0),(58,'WrF8Odgv9iJyMyK4JDrLeA==',29800,0,'挖哈哈腕力球',0,0),(59,'wGfJ8VdF6FZJFzC9KTf6Bg==',29800,0,'挖哈哈腕力球',0,0),(60,'TR2egTcDNAJgXh34L5r8gg==',29800,0,'挖哈哈腕力球',0,0),(61,'4cIOZVL8tIHc2Gmv2mRcsg==',29800,0,'挖哈哈腕力球',0,0),(62,'+m1Hz7IDuvGcXVSeNu255w==',29800,0,'挖哈哈腕力球',0,0),(63,'4nYza6YDSEvgQxxo3ZnwaQ==',29800,0,'挖哈哈腕力球',0,0),(64,'Y6siDxVWduTxTmJ+ghADRA==',29800,0,'挖哈哈腕力球',0,0),(65,'+dB3W8+06etI1HX3PpvrEg==',29800,0,'挖哈哈腕力球',0,0),(66,'SVGybSrKlKgmBnu5PzwyrA==',29800,0,'挖哈哈腕力球',0,0),(67,'LHhHnKZW6KYyvU5q010pPA==',29800,0,'挖哈哈腕力球',0,0),(68,'giuWgvRL4rUy/ngtAKTfNQ==',29800,0,'挖哈哈腕力球',0,0),(69,'3RK0VfUkqIHLGp4a6kpkUg==',29800,0,'挖哈哈腕力球',0,0),(70,'h3EWfdTHEo7xVI94aMb41g==',29800,0,'挖哈哈腕力球',0,0),(71,'IKGEsqHnXRmuQD/9TAQEIQ==',29800,0,'挖哈哈腕力球',0,0),(72,'Pl4yWRFZqakx+F/wWoq51g==',29800,0,'挖哈哈腕力球',0,0),(73,'ie8Gon7EI19APYWsoDTYug==',29800,0,'挖哈哈腕力球',0,0),(74,'59tQw0bAV3QCTG+LAAQamw==',29800,0,'挖哈哈腕力球',0,0),(75,'q0zr39tzYOkNTpQCGXc0fA==',29800,0,'挖哈哈腕力球',0,0),(76,'FuKX0t21KL2DQ7UAoSyCHw==',29800,0,'挖哈哈腕力球',0,0),(77,'2LDZeG4RyVJlhmuGST/Y4g==',29800,0,'挖哈哈腕力球',0,0),(78,'NrwO8+4xfzlQhyjxTcWHtQ==',29800,0,'挖哈哈腕力球',0,0),(79,'82yyjRuAwQDxRGtBnFOcDA==',29800,0,'挖哈哈腕力球',0,0),(80,'6UWTasR/X8svJC8TZBohdA==',29800,0,'挖哈哈腕力球',0,0),(81,'/dUO8qBjHrgj5m7SR14/Rw==',29800,0,'挖哈哈腕力球',0,0),(82,'7FDP4H+k3gJ+cTjNyjkhrg==',29800,0,'挖哈哈腕力球',0,0),(83,'HMxp0qSw3McoMar1ACV+nA==',29800,0,'挖哈哈腕力球',0,0),(84,'IneZ3shA+f5b0Q6Zvt948w==',29800,0,'挖哈哈腕力球',0,0),(85,'MuWJ64PR7l5SyFji6/NY1g==',29800,0,'挖哈哈腕力球',0,0),(86,'tbSeUx19fXVUEvAnKZMvuA==',29800,0,'挖哈哈腕力球',0,0),(87,'9+wZCBEuOOkMpbNReK5mQg==',29800,0,'挖哈哈腕力球',0,0),(88,'cyGPidUNI8DnPidTWpAckA==',29800,0,'挖哈哈腕力球',0,0),(89,'DvxKoAFQCWYkpkfz1tvvMw==',29800,0,'挖哈哈腕力球',0,0),(90,'FdaaoE2GhM+6MB7CdjqstQ==',29800,0,'挖哈哈腕力球',0,0),(91,'imRX92pLzlsavCWvllzzYw==',29800,0,'挖哈哈腕力球',0,0),(92,'4sCLE/uLB19MtOqSV9miWg==',29800,0,'挖哈哈腕力球',0,0),(93,'/8KgvNcnX6ls9wir3cH9Kw==',29800,0,'挖哈哈腕力球',0,0),(94,'S2GOPbhaq3Tn7f+EpguaTQ==',29800,0,'挖哈哈腕力球',0,0),(95,'zerNRbciGlA4GdbZXFLyqA==',29800,0,'挖哈哈腕力球',0,0),(96,'HuLU/b/IOcpDqA3QQ4fwGA==',29800,0,'挖哈哈腕力球',0,0),(97,'2Enj92pR/Agj+9KDpXS/6Q==',29800,0,'挖哈哈腕力球',0,0),(98,'9AO0c11BaFxDjiPjhf0ZIw==',29800,0,'挖哈哈腕力球',0,0),(99,'u0fycBY2jtT6k+rMJsA8LA==',29800,0,'挖哈哈腕力球',0,0),(100,'EJCvcVxDzhqKMwKv2io9Mw==',29800,0,'挖哈哈腕力球',0,0),(101,'Ad3dzXahLzNNM6G3/VB/Bg==',29800,0,'挖哈哈腕力球',0,0),(102,'ZC/fYwR9rP5yFROjW1rl6w==',29800,0,'挖哈哈腕力球',0,0),(103,'9qbyXqp1pDYV49N6P84hTw==',29800,0,'挖哈哈腕力球',0,0),(104,'VNOXl65ON7vjicf2qnN6lQ==',29800,0,'挖哈哈腕力球',0,0),(105,'JcVNDvcMxtyhhcbCxOTdBA==',29800,0,'挖哈哈腕力球',0,0),(106,'VjSRNVe/HzMGqvhYJYfqNQ==',29800,0,'挖哈哈腕力球',0,0),(107,'eLS4ZOyEM23XM4dzGv9I7A==',29800,0,'挖哈哈腕力球',0,0),(108,'64K03N+69M7Yk1v681lqpA==',29800,0,'挖哈哈腕力球',0,0),(109,'eS7KTnUNA7+UIkStZ7pNaQ==',29800,0,'挖哈哈腕力球',0,0),(110,'KWlzwcGp2nGFVnL7LhCt9g==',29800,0,'挖哈哈腕力球',0,0),(111,'Xy4M4ja2RM3OXkfRD48Eqg==',29800,0,'挖哈哈腕力球',0,0),(112,'9k0ozyrQAf4/Ggu456o3Yg==',29800,0,'挖哈哈腕力球',0,0),(113,'5u13AITB+FlcRKergFV3Xw==',29800,0,'挖哈哈腕力球',0,0),(114,'+dYaMX1j5+UrWeVDvSWXZg==',29800,0,'挖哈哈腕力球',0,0),(115,'VXPc41Jx651sQuw7Z/pGTg==',29800,0,'挖哈哈腕力球',0,0),(116,'/pY/m8hg3xPbtTxC/gAIKw==',29800,0,'挖哈哈腕力球',0,0),(117,'fYxyEjUr9qDjRwxu2lI/YQ==',29800,0,'挖哈哈腕力球',0,0),(118,'eiOsctUTC/ogh5tvh3tMmQ==',29800,0,'挖哈哈腕力球',0,0),(119,'Xa6wl6qTm5UDPUIbbmY7Cw==',29800,0,'挖哈哈腕力球',0,0),(120,'D/uczzVmotkEVuNC4mznHw==',29800,0,'挖哈哈腕力球',0,0),(121,'Id21FiNLdf2+4lBNRD9vKQ==',29800,0,'挖哈哈腕力球',0,0),(122,'hRzp29Ek51eOAqCHseFIRg==',29800,0,'挖哈哈腕力球',0,0),(123,'QekFu3wRRo+p+/xoaUOYGQ==',29800,0,'挖哈哈腕力球',0,0),(124,'OCSHnkg1A1x/uvYui9i77w==',29800,0,'挖哈哈腕力球',0,0),(125,'meOiRKTP3IO1Sc1/Ia+IgA==',29800,0,'挖哈哈腕力球',0,0),(126,'JpcsqtMWNEm7lF64oFQ/FQ==',29800,0,'挖哈哈腕力球',0,0),(127,'CtyC7YHnCJffQ0thDvXdEA==',29800,0,'挖哈哈腕力球',0,0),(128,'se362k2rjH7l2aly51zCpg==',29800,0,'挖哈哈腕力球',0,0),(129,'avoBa/Bav7vf2hUWtCGkkA==',29800,0,'挖哈哈腕力球',0,0),(130,'1HoFr2GbnyAPIVZkKysFEQ==',29800,0,'挖哈哈腕力球',0,0),(131,'dkKHtDDg5PtqiMYm5pnmjQ==',29800,0,'挖哈哈腕力球',0,0),(132,'HWan27V31FgTo4RfYmqkmw==',29800,0,'挖哈哈腕力球',0,0),(133,'Mrvn5BlJ6GOVgYRvDw0NCg==',29800,0,'挖哈哈腕力球',0,0),(134,'T3mwoSn+DvZjQ6zBc9pC1Q==',29800,0,'挖哈哈腕力球',0,0),(135,'MFQcIo7sGsxSWz4skgMyGw==',29800,0,'挖哈哈腕力球',0,0),(136,'Tp48pwseoZIkNkEepAkj1w==',29800,0,'挖哈哈腕力球',0,0),(137,'pY4L+bTxaKMjiUWpudPziw==',29800,0,'挖哈哈腕力球',0,0),(138,'bFA+GwAHVfGropn/xCnaSw==',29800,0,'挖哈哈腕力球',0,0),(139,'YDjOl8GHbR/BaSPlIdYDow==',29800,0,'挖哈哈腕力球',0,0),(140,'ZQWKGAGEXovbFp3U0ZilGg==',29800,0,'挖哈哈腕力球',0,0),(141,'b7tz4HiLfvRLzSpXevxT7A==',29800,0,'挖哈哈腕力球',0,0),(142,'B6j4l7YtGSIYAOmlWoBCiQ==',29800,0,'挖哈哈腕力球',0,0),(143,'ya/Zzig2hos/VfGW2UcPqQ==',29800,0,'挖哈哈腕力球',0,0),(144,'gy5sf3ftb24qalSPtnxNZw==',29800,0,'挖哈哈腕力球',0,0),(145,'WlN4nqm4aVi5r0YMDSov7g==',29800,0,'挖哈哈腕力球',0,0),(146,'vZHTqw2frHXYX/IkhkVFMQ==',29800,0,'挖哈哈腕力球',0,0),(147,'9sZ9Fn3A6icPlfMWmjCK+A==',29800,0,'挖哈哈腕力球',0,0),(148,'udc+y2dGmIuBxIq3OqJJyw==',29800,0,'挖哈哈腕力球',0,0),(149,'gcFiTjI7qGczjqjZmLgNIg==',29800,0,'挖哈哈腕力球',0,0),(150,'lJFww3cU2jxxrcTAV5O0KQ==',29800,0,'挖哈哈腕力球',0,0),(151,'d/14XVYIwaTGLM+2O+vQgw==',29800,0,'挖哈哈腕力球',0,0),(152,'P333dCPlDdpGkf+JJnDoGA==',29800,0,'挖哈哈腕力球',0,0),(153,'4IpbJc3spSsBGffb5JSL8A==',29800,0,'挖哈哈腕力球',0,0),(154,'AYd9Q3ylHEWGal0Ag1xlfw==',29800,0,'挖哈哈腕力球',0,0),(155,'0/gHpe3Ad0y/31K3xzxj/w==',29800,0,'挖哈哈腕力球',0,0),(156,'R9dERC8RYPzYzPixNukP2w==',29800,0,'挖哈哈腕力球',0,0),(157,'5n6mOJuPqf91gVYW45nuSw==',29800,0,'挖哈哈腕力球',0,0),(158,'hBzMSucHx3oTZq0JO5jKig==',29800,0,'挖哈哈腕力球',0,0),(159,'o3Xefw7YR3RYPNljAEsU4A==',29800,0,'挖哈哈腕力球',0,0),(160,'dHwe0n6N4jZzngJsSHEvig==',29800,0,'挖哈哈腕力球',0,0),(161,'wIo1/k7HA+KggD9t5Dq/sg==',29800,0,'挖哈哈腕力球',0,0),(162,'FbPjrF8zeg6+X6GjjFUnJg==',29800,0,'挖哈哈腕力球',0,0),(163,'XbARwWBRbzNw4zUdAMqrzQ==',29800,0,'挖哈哈腕力球',0,0),(164,'1rs/lJ8iOXamLFIzp1fQAg==',29800,0,'挖哈哈腕力球',0,0),(165,'bRoAlNtUPDg1d7JXmWhxQg==',29800,0,'挖哈哈腕力球',0,0),(166,'BH1VHvcrHdSrIpQmf51igA==',29800,0,'挖哈哈腕力球',0,0),(167,'dwzMPyrlf/SLkhtLFtiumQ==',29800,0,'挖哈哈腕力球',0,0),(168,'eyZFWyERxkfBfbHcLs3JCA==',29800,0,'挖哈哈腕力球',0,0),(169,'9QMuBUZg1aRn/vZic4rPZw==',29800,0,'挖哈哈腕力球',0,0),(170,'Jz4WcN5ZCGzxNdMcpdGwyA==',29800,0,'挖哈哈腕力球',0,0),(171,'cEogAi/0YURDi5Ptkn2M0w==',29800,0,'挖哈哈腕力球',0,0),(172,'3iX3OodKyk3fyYmVmAjRYQ==',29800,0,'挖哈哈腕力球',0,0),(173,'pVSUWMbKDzJocyt4CiuOrA==',29800,0,'挖哈哈腕力球',0,0),(174,'/lCzpzooTNyEqh2FfSFB3w==',29800,0,'挖哈哈腕力球',0,0),(175,'YLQvyWVDyO0f9NU0heXTNg==',29800,0,'挖哈哈腕力球',0,0),(176,'gDNlpjbXxWPkQ2PWrv7Y3w==',29800,0,'挖哈哈腕力球',0,0),(177,'LrRQoAzbzP+AzW9Xdepcyg==',29800,0,'挖哈哈腕力球',0,0),(178,'Hj2XdE6M17nTgPmvR9y+jg==',29800,0,'挖哈哈腕力球',0,0),(179,'AbWxzU5jKnC3+XS2LQmbyQ==',29800,0,'挖哈哈腕力球',0,0),(180,'x6gYNd7L7qUPoLiYQHhFsw==',29800,0,'挖哈哈腕力球',0,0),(181,'hNuh1/DuLH8ACBk1qNCpeQ==',29800,0,'挖哈哈腕力球',0,0),(182,'4s6SGRFK1ZLvZAeCV4mchg==',29800,0,'挖哈哈腕力球',0,0),(183,'GcdQHF56uteOo55cR8vVpw==',29800,0,'挖哈哈腕力球',0,0),(184,'pJsFkxDUumnZjEot+eiRZA==',29800,0,'挖哈哈腕力球',0,0),(185,'fWHYBsVCzfqZt4fc9QmYoQ==',29800,0,'挖哈哈腕力球',0,0),(186,'ltUbWvP27Z76BHnsIGePxQ==',29800,0,'挖哈哈腕力球',0,0),(187,'YGVYCb4lugso+av3Hiyvkw==',29800,0,'挖哈哈腕力球',0,0),(188,'KDnj51EzGAdt1oC9W9KuHQ==',29800,0,'挖哈哈腕力球',0,0),(189,'EfppjhGy5Y+83Sti7ZjFKQ==',29800,0,'挖哈哈腕力球',0,0),(190,'XMj/4gOD6OHlZG+aRoZRUg==',29800,0,'挖哈哈腕力球',0,0),(191,'/BxDgBH+VwykUX5zl+hfDA==',29800,0,'挖哈哈腕力球',0,0),(192,'sQWtea0vVjagz3FAHJSb9w==',29800,0,'挖哈哈腕力球',0,0),(193,'NhPO6IDvCbsfaCv80KXI1A==',29800,0,'挖哈哈腕力球',0,0),(194,'ROq2/Zf0h58DIpOHKrVSrA==',29800,0,'挖哈哈腕力球',0,0),(195,'zW6RvzkHlUMtK4gZDfYqjA==',29800,0,'挖哈哈腕力球',0,0),(196,'npYR84V+551Q2nRMh7rY7g==',29800,0,'挖哈哈腕力球',0,0),(197,'ZB0LY7+HNmtoyBdzAUbNGQ==',29800,0,'挖哈哈腕力球',0,0),(198,'vwl+L60FnSZ+rSO786MDnA==',29800,0,'挖哈哈腕力球',0,0),(199,'AI91BE+hAVoE3xRHJDK6Ag==',29800,0,'挖哈哈腕力球',0,0),(200,'rdDDaJbC5XYXX9dAryfhbg==',29800,0,'挖哈哈腕力球',0,0),(201,'tL3KdGbsfz3MknBAnDf0Bw==',29800,0,'挖哈哈腕力球',0,0),(202,'0eUiNysb02zrs+FzRGZ+Nw==',29800,0,'挖哈哈腕力球',0,0),(203,'uFzd5O2Myk19D+xHLCPeDQ==',29800,0,'挖哈哈腕力球',0,0),(204,'4T42lNq1dQnWRmlcP8r71w==',29800,0,'挖哈哈腕力球',0,0),(205,'EiwBW/Gz1Ys1mqpRbpSc1w==',29800,0,'挖哈哈腕力球',0,0),(206,'PAdYZF99s+Epr0nCZh/MUw==',29800,0,'挖哈哈腕力球',0,0),(207,'FCPCklERRmAODjsgr/cv6g==',29800,0,'挖哈哈腕力球',0,0),(208,'krISolL180oGQoMmhIkwmA==',29800,0,'挖哈哈腕力球',0,0),(209,'ei5SeptSAaoh4iUiTmMnsg==',29800,0,'挖哈哈腕力球',0,0),(210,'+4kfSpyaG1Fw/qOAc2LDpA==',29800,0,'挖哈哈腕力球',0,0),(211,'ydXfyaIsqgmB9ZqfZnWpbA==',29800,0,'挖哈哈腕力球',0,0),(212,'blyGpTcLhwfNGEnejGKhSw==',29800,0,'挖哈哈腕力球',0,0),(213,'UNzPlJipzFWqp0fbTgmcRA==',29800,0,'挖哈哈腕力球',0,0),(214,'D+w6Mu3RmvqG2v6Fy35EZw==',29800,0,'挖哈哈腕力球',0,0),(215,'QDIKFZqMkgz+Et3w6r4iKw==',29800,0,'挖哈哈腕力球',0,0),(216,'qOOzeHQjBJWWoYknFfiLFQ==',29800,0,'挖哈哈腕力球',0,0),(217,'5xJTS8oOgNNRHVRd1kGJsA==',29800,0,'挖哈哈腕力球',0,0),(218,'zHIFM38+bWxsNOL28OJogA==',29800,0,'挖哈哈腕力球',0,0),(219,'xC5aVrGlpAZf+gTV4U2aTw==',29800,0,'挖哈哈腕力球',0,0),(220,'ppOr6zOUGYGEhMjJABurKQ==',29800,0,'挖哈哈腕力球',0,0),(221,'ZfQl5fJnN8vtl6/JL+PBFQ==',29800,0,'挖哈哈腕力球',0,0),(222,'GUeu6c/YQzXZG/0Dawt8qw==',29800,0,'挖哈哈腕力球',0,0),(223,'CX1FBdQ6jAXswrNY8en5QA==',29800,0,'挖哈哈腕力球',0,0),(224,'dHpJvejwvrFpJM1JzBszAA==',29800,0,'挖哈哈腕力球',0,0),(225,'sXCqGFdpx4OVhdcQZjoZJQ==',29800,0,'挖哈哈腕力球',0,0),(226,'OnlY481PvRum8cNU/9hwzA==',29800,0,'挖哈哈腕力球',0,0),(227,'hfG9tllT58wYWkfwr7wSlw==',29800,0,'挖哈哈腕力球',0,0),(228,'aL+ZV2gk8euE2Z8yj98WNg==',29800,0,'挖哈哈腕力球',0,0),(229,'20kVnae34IXOHfoPKyYI/Q==',29800,0,'挖哈哈腕力球',0,0),(230,'Wg/2wbX2q5N1wIW8TocItw==',29800,0,'挖哈哈腕力球',0,0),(231,'xyA7FOCei1LZ2ecSKGkM/w==',29800,0,'挖哈哈腕力球',0,0),(232,'A/g3puF17mHrSBz31P2pSg==',29800,0,'挖哈哈腕力球',0,0),(233,'kQszkFlLFZm/IVD3uDy89w==',29800,0,'挖哈哈腕力球',0,0),(234,'6TbeAsUwchYoi1sfUPZBvg==',29800,0,'挖哈哈腕力球',0,0),(235,'/PMWU0aK31gVIEUuit3lHQ==',29800,0,'挖哈哈腕力球',0,0),(236,'uYKB6sarsOX7bFX3nzpG8Q==',29800,0,'挖哈哈腕力球',0,0),(237,'gmkZYA8feo7RqRXLvAbTJw==',29800,0,'挖哈哈腕力球',0,0),(238,'pRRhx6dzY2A0SUWXccQHIQ==',29800,0,'挖哈哈腕力球',0,0),(239,'fWWU91xpvchQr95zs4mhcA==',29800,0,'挖哈哈腕力球',0,0),(240,'v8HD8q2tFNz71TmQjzHl1A==',29800,0,'挖哈哈腕力球',0,0),(241,'DRWJtXCNFPn4aIpDxB4Ewg==',29800,0,'挖哈哈腕力球',0,0),(242,'ra1tdSPmmVmPqiPtoRbFrA==',29800,0,'挖哈哈腕力球',0,0),(243,'+T+uMNcpi5etWlyrU+H0YQ==',29800,0,'挖哈哈腕力球',0,0),(244,'H7cVBtqlJyKs9xO3s//WlQ==',29800,0,'挖哈哈腕力球',0,0),(245,'DCuuNgX1rwWrHHKGITWuLA==',29800,0,'挖哈哈腕力球',0,0),(246,'SD5AAAsjRnVoL1J3uNZCAg==',29800,0,'挖哈哈腕力球',0,0),(247,'xGbdpzb32bvi7amLLGkXDQ==',29800,0,'挖哈哈腕力球',0,0),(248,'alCptiI/i3xhLVExo8vMJw==',29800,0,'挖哈哈腕力球',0,0),(249,'T9b8AAsvRZM5Of//Z6BOoA==',29800,0,'挖哈哈腕力球',0,0),(250,'V4xWNp12Hog5FzYMyHgaxg==',29800,0,'挖哈哈腕力球',0,0),(251,'bqqATC59Jr+YkL/44J6L8w==',29800,0,'挖哈哈腕力球',0,0),(252,'Wqo9WNF6roujsoYwKWVM9g==',29800,0,'挖哈哈腕力球',0,0),(253,'M1aPoQwcqN6AF6bOz3CUZQ==',29800,0,'挖哈哈腕力球',0,0),(254,'+UqAdU6tokkEN9+R3viWeA==',29800,0,'挖哈哈腕力球',0,0),(255,'JSFl+UwAdr5cAcM4gibGlQ==',29800,0,'挖哈哈腕力球',0,0),(256,'TC+cJ4MKDywurgQO4o0y7A==',29800,0,'挖哈哈腕力球',0,0),(257,'w+CRjPxUnZDa90wHZSel6A==',29800,0,'挖哈哈腕力球',0,0),(258,'gjMK7rIg7C2cCyChBc6FFA==',29800,0,'挖哈哈腕力球',0,0),(259,'DtENccvaGNjJKYWz7JpyRw==',29800,0,'挖哈哈腕力球',0,0),(260,'EaKulujgaKWlEdz9fzieSw==',29800,0,'挖哈哈腕力球',0,0),(261,'x8HzTGrFj1TNNHo5a8d2Sg==',29800,0,'挖哈哈腕力球',0,0),(262,'0uGJGZ3q35GOe0ArObNPEg==',29800,0,'挖哈哈腕力球',0,0),(263,'IIcuMrIsueiic2T/ZRSOtg==',29800,0,'挖哈哈腕力球',0,0),(264,'G7g4KbdrmR/vowjLzZ0+qA==',29800,0,'挖哈哈腕力球',0,0),(265,'QJwwnh/hwOnvnAI/IcaB/w==',29800,0,'挖哈哈腕力球',0,0),(266,'MHDRry2IwD1grqWugnPJwg==',29800,0,'挖哈哈腕力球',0,0),(267,'rsc3+BGiPh83W84+7PRjLw==',29800,0,'挖哈哈腕力球',0,0),(268,'dmU+Fq8AuDRW6n5ZT2NhPg==',29800,0,'挖哈哈腕力球',0,0),(269,'d+mYR9JM2nVGXbAy10xFDg==',29800,0,'挖哈哈腕力球',0,0),(270,'sZs2x8U2lX9mqzYVyDCnHQ==',29800,0,'挖哈哈腕力球',0,0),(271,'G6HcVZ7Yuw6Z0uHem58x0w==',29800,0,'挖哈哈腕力球',0,0),(272,'jpv/V6cRzRIZ6acE+CjLTg==',29800,0,'挖哈哈腕力球',0,0),(273,'8qT1sBZ9Rqv/tOxleum1kg==',29800,0,'挖哈哈腕力球',0,0),(274,'6Rr7kj+l3qLhEMw1zaj2Yw==',29800,0,'挖哈哈腕力球',0,0),(275,'u24PkhIKRBAb4bR8uRkcfQ==',29800,0,'挖哈哈腕力球',0,0),(276,'U6pSCl3/6W9I7NzdmpYjHg==',29800,0,'挖哈哈腕力球',0,0),(277,'KhXMvzwegZLBQyQ9aB3r7A==',29800,0,'挖哈哈腕力球',0,0),(278,'xyND9rsFf+ZvfixDVJNHng==',29800,0,'挖哈哈腕力球',0,0),(279,'vyobgefk+xaKY/U45s6d5A==',29800,0,'挖哈哈腕力球',0,0),(280,'2SFa4O1yNKUz6KM+/v/Ehg==',29800,0,'挖哈哈腕力球',0,0),(281,'DFM/C6Cba9RhuE2JdhQR2w==',29800,0,'挖哈哈腕力球',0,0),(282,'gJct6ozDXa+IR+Y22UwiYg==',29800,0,'挖哈哈腕力球',0,0),(283,'2WztcLfdGhCfsxxNF1/FLA==',29800,0,'挖哈哈腕力球',0,0),(284,'LdDyIdxsnik5mOb8Iulzxw==',29800,0,'挖哈哈腕力球',0,0),(285,'v/ikwbKZb8gqB4f1fFdTEg==',29800,0,'挖哈哈腕力球',0,0),(286,'786kuQow6daOOpdXm7KmCw==',29800,0,'挖哈哈腕力球',0,0),(287,'iKAdVlGZH3sHqbtC3FrAfA==',29800,0,'挖哈哈腕力球',0,0),(288,'ZG+1ae60eBBeS9Eryz/mhw==',29800,0,'挖哈哈腕力球',0,0),(289,'QFYO4oIxkjfCvIG3iZivUA==',29800,0,'挖哈哈腕力球',0,0),(290,'/VRHyxJi8ZMi+a7uawbgZw==',29800,0,'挖哈哈腕力球',0,0),(291,'1GdTXBzKgixs1L0t1gfa4g==',29800,0,'挖哈哈腕力球',0,0),(292,'ITA1PK8CXqd5BxlpHKbXzw==',29800,0,'挖哈哈腕力球',0,0),(293,'1Wu+un/lN4wfboo6cwUcag==',29800,0,'挖哈哈腕力球',0,0),(294,'PTx//YukKjqV3X6I2YxmyA==',29800,0,'挖哈哈腕力球',0,0),(295,'SIE9A21X0UTmX9lzA+EHlw==',29800,0,'挖哈哈腕力球',0,0),(296,'TgG2j3s+52GecVzCi6RrWQ==',29800,0,'挖哈哈腕力球',0,0),(297,'qLauTym0kGyvI0IuxfOLLQ==',29800,0,'挖哈哈腕力球',0,0),(298,'WYaFaLqEEsmTAuFsPLUsHA==',29800,0,'挖哈哈腕力球',0,0),(299,'PxaNGHAcHOpjnc/RXzh1Sw==',29800,0,'挖哈哈腕力球',0,0),(300,'8I0k3ZLEKtNm95hATEzPEQ==',29800,0,'挖哈哈腕力球',0,0),(301,'/h/YvfqBeoW34X3bEK79rQ==',29800,0,'挖哈哈腕力球',0,0),(302,'rIePNs4FokbNADnxoFnEHQ==',29800,0,'挖哈哈腕力球',0,0),(303,'ErkQLmC4IkN5KdY+CN+9tA==',29800,0,'挖哈哈腕力球',0,0),(304,'GZcbEDWZf1YldciMUH9Fgw==',29800,0,'挖哈哈腕力球',0,0),(305,'NT+VtaZKWnZbnnZKB9QkaA==',29800,0,'挖哈哈腕力球',0,0),(306,'HhNXlWkjELZYUiLRm2D/Yg==',29800,0,'挖哈哈腕力球',0,0),(307,'b0Ey8ao54/EKrfTsBXCiBQ==',29800,0,'挖哈哈腕力球',0,0),(308,'W1t/6vxIZsa+sQswuE0yfA==',29800,0,'挖哈哈腕力球',0,0),(309,'ktkLt9FWkAIuTBV+fZTkVg==',29800,0,'挖哈哈腕力球',0,0),(310,'XzrZYyXSj7pnQQ5a6+4jzA==',29800,0,'挖哈哈腕力球',0,0),(311,'heMohODG2qnOzNMz7va4PQ==',29800,0,'挖哈哈腕力球',0,0),(312,'Bxekej+rcduV1WR8GHQx8Q==',29800,0,'挖哈哈腕力球',0,0),(313,'GR0pQ/dDy9abNzjc34uPeg==',29800,0,'挖哈哈腕力球',0,0),(314,'BVVLp1LSgfD1mR4msPvd8g==',29800,0,'挖哈哈腕力球',0,0),(315,'l9f96otVxzuT9oHU9Crnxw==',29800,0,'挖哈哈腕力球',0,0),(316,'1+XQZ7t8GzzF4VOGMZ/b5Q==',29800,0,'挖哈哈腕力球',0,0),(317,'T+YKz2/PSrK4p/2CFkVGPw==',29800,0,'挖哈哈腕力球',0,0),(318,'6kBHpx4Ui6GhzO/NDLQZHA==',29800,0,'挖哈哈腕力球',0,0),(319,'ne26bZS7owgya4eeuIGcnQ==',29800,0,'挖哈哈腕力球',0,0),(320,'foKSECLyxD4wa1M7mirYkg==',29800,0,'挖哈哈腕力球',0,0),(321,'qUJcEeaEQ1BEQkXBNm9tLQ==',29800,0,'挖哈哈腕力球',0,0),(322,'anzpcJBkQ4zq1SyqNBUmnA==',29800,0,'挖哈哈腕力球',0,0),(323,'i2cf/bk6lTY0L3SrE2QEOQ==',29800,0,'挖哈哈腕力球',0,0),(324,'Cu1AKx/HtKDViZTUEi/GBg==',29800,0,'挖哈哈腕力球',0,0),(325,'kUdN3wVGHScRf43AEvWwbQ==',29800,0,'挖哈哈腕力球',0,0),(326,'6E+/L6Ss48ed9keRc4g5Nw==',29800,0,'挖哈哈腕力球',0,0),(327,'B/Qqz0hjBy+nuV0+BoRvVA==',29800,0,'挖哈哈腕力球',0,0),(328,'G+3auyMkl0lYsf7Jq1Nvmw==',29800,0,'挖哈哈腕力球',0,0),(329,'N/RUz74G2x1RmGtbOHubRg==',29800,0,'挖哈哈腕力球',0,0),(330,'3BQNm/Bf2fy7/4B+415YBw==',29800,0,'挖哈哈腕力球',0,0),(331,'G7Bn2t8/zI9QVZnTvPR6kQ==',29800,0,'挖哈哈腕力球',0,0),(332,'YD486wFkkMEm15Ne9JYcRg==',29800,0,'挖哈哈腕力球',0,0),(333,'K4H9AdqGs7nD4WLBCrw6ow==',29800,0,'挖哈哈腕力球',0,0),(334,'WU4t1KKt+HGrIUnGAw1+Iw==',29800,0,'挖哈哈腕力球',0,0),(335,'yUC4+lYVINPM47y9Ii+5Pg==',29800,0,'挖哈哈腕力球',0,0),(336,'vf30utfpHGAfWU082itM7w==',29800,0,'挖哈哈腕力球',0,0),(337,'luHMEE6MI89rhM1yI2MKNQ==',29800,0,'挖哈哈腕力球',0,0),(338,'1t+JVgvW5hS/rYACon75VA==',29800,0,'挖哈哈腕力球',0,0),(339,'x09G3DQXHCy+OzVMdvU13w==',29800,0,'挖哈哈腕力球',0,0),(340,'DzM5CGz3iM3pir6mJ1ELjw==',29800,0,'挖哈哈腕力球',0,0),(341,'p0r0q9HRfEFUBDHcFGBPxg==',29800,0,'挖哈哈腕力球',0,0),(342,'w3IQ4XWAcrgs1SZH4G0dCw==',29800,0,'挖哈哈腕力球',0,0),(343,'s5hq8tYoZ+Nw4jPojQ9awA==',29800,0,'挖哈哈腕力球',0,0),(344,'pWdEf1UeqLHLXFogeL7A3g==',29800,0,'挖哈哈腕力球',0,0),(345,'R6yY54gXlAvVFtayEWb4KA==',29800,0,'挖哈哈腕力球',0,0),(346,'8INn+/9VAQUBuA5M6K4JUQ==',29800,0,'挖哈哈腕力球',0,0),(347,'p93YcKZz0sOhHWmuaI1KKw==',29800,0,'挖哈哈腕力球',0,0),(348,'uwATsgPVmYnRdkFPhsXNrQ==',29800,0,'挖哈哈腕力球',0,0),(349,'V/M83W/zYLOPkngMmH82BA==',29800,0,'挖哈哈腕力球',0,0),(350,'fv/ReWhG53R/OcWW9H7WjQ==',29800,0,'挖哈哈腕力球',0,0),(351,'xrNKirpFRwH69J47WzaM6Q==',29800,0,'挖哈哈腕力球',0,0),(352,'XuUbrvb+Da7voOxjDHoMQQ==',29800,0,'挖哈哈腕力球',0,0),(353,'iU9dZERDy2fyYGi7ds2Iqw==',29800,0,'挖哈哈腕力球',0,0),(354,'yP9IcyWXdVGQn6sdqt3f5g==',29800,0,'挖哈哈腕力球',0,0),(355,'c2NuHCPsHEoFQ+VSyDuoIA==',29800,0,'挖哈哈腕力球',0,0),(356,'iKsRWJHrL9x31SdT8uUpsQ==',29800,0,'挖哈哈腕力球',0,0),(357,'awZqIrrTUDqFxvxLDgwG7A==',29800,0,'挖哈哈腕力球',0,0),(358,'kj1+NPvXGnyXmmiofx1SaA==',29800,0,'挖哈哈腕力球',0,0),(359,'Q9qvKc8s+om3MVM1vgpkwg==',29800,0,'挖哈哈腕力球',0,0),(360,'iXoM7ZuCrmjDFrJT/934kQ==',29800,0,'挖哈哈腕力球',0,0),(361,'Azbbd5H2eFPMoRQfncTliQ==',29800,0,'挖哈哈腕力球',0,0),(362,'ye5r5mnssYJ71WEcgK3YPA==',29800,0,'挖哈哈腕力球',0,0),(363,'GMs5NsfC9r997z/Vk+3+Cw==',29800,0,'挖哈哈腕力球',0,0),(364,'cEJCze/t4UMS5FRGi0uekA==',29800,0,'挖哈哈腕力球',0,0),(365,'ChujO5r8NncgsWZhDR3npw==',29800,0,'挖哈哈腕力球',0,0),(366,'8lDnjzTML77o2IyuFeA2jw==',29800,0,'挖哈哈腕力球',0,0),(367,'Gp+OUIUiVAFuvrfc+7mgXg==',29800,0,'挖哈哈腕力球',0,0),(368,'jkTs2cXx6D6CiBYmkoVCHA==',29800,0,'挖哈哈腕力球',0,0),(369,'e9Ed9eY514S+DjFs++SstQ==',29800,0,'挖哈哈腕力球',0,0),(370,'VpuCPDlhczqE74wUoCmR2Q==',29800,0,'挖哈哈腕力球',0,0),(371,'sXWwnyEiB3UlYNmLwj2mMw==',29800,0,'挖哈哈腕力球',0,0),(372,'ho0rPAkcZI7UUMoqza8iig==',29800,0,'挖哈哈腕力球',0,0),(373,'V1DtBxNwtz+OyM5pl6wsSg==',29800,0,'挖哈哈腕力球',0,0),(374,'2B/pkSJ0wJgNHzSRTIW2Mw==',29800,0,'挖哈哈腕力球',0,0),(375,'s/AsTcwPP1N4EUXO7BPCqA==',29800,0,'挖哈哈腕力球',0,0),(376,'SSXjnKD0KFrAPP/i2swg6w==',29800,0,'挖哈哈腕力球',0,0),(377,'XG96eYvn1eziU+a1/GJDSA==',29800,0,'挖哈哈腕力球',0,0),(378,'N/NLx+6pw7btwRkqTSqC3g==',29800,0,'挖哈哈腕力球',0,0),(379,'3pRspnTlUYDeFe7rggx0dg==',29800,0,'挖哈哈腕力球',0,0),(380,'U0DxFns1B3nooeFeW6bF+A==',29800,0,'挖哈哈腕力球',0,0),(381,'yWypFAAHb7j+OZbv3drE9A==',29800,0,'挖哈哈腕力球',0,0),(382,'FCtAPDAU+IAWazOKNG1SuA==',29800,0,'挖哈哈腕力球',0,0),(383,'dJvn8jw2iJdNp9dWzZH5aw==',29800,0,'挖哈哈腕力球',0,0),(384,'wkb/YhyS7OC1WYBEVYW4Uw==',29800,0,'挖哈哈腕力球',0,0),(385,'WGXAWccfzLAfZFqgySfkbw==',29800,0,'挖哈哈腕力球',0,0),(386,'goWAWgK/NV2rm3yXDFjRNA==',29800,0,'挖哈哈腕力球',0,0),(387,'Lp8BYKWzjrkcWWkLw4oKLw==',29800,0,'挖哈哈腕力球',0,0),(388,'nwt5ehQpMkOa4mZJIqdbhw==',29800,0,'挖哈哈腕力球',0,0),(389,'YoeGuEhvEWgKQAjwQqSQcw==',29800,0,'挖哈哈腕力球',0,0),(390,'ezvgVkw4+oJ3R7eWMRGKHQ==',29800,0,'挖哈哈腕力球',0,0),(391,'Qj+CqRhBcqCl7LjvH7K9Ag==',29800,0,'挖哈哈腕力球',0,0),(392,'FdwmkfXi+Lp0JAhMdplRQA==',29800,0,'挖哈哈腕力球',0,0),(393,'QaHcpSqKU+TGW/eyrulV2A==',29800,0,'挖哈哈腕力球',0,0),(394,'s6f6sRK3NBguuyPq/xGTgg==',29800,0,'挖哈哈腕力球',0,0),(395,'ei6y3+6G8VOEeZS4qAgubA==',29800,0,'挖哈哈腕力球',0,0),(396,'aPzvmb38TVR3FiGvbfAsOg==',29800,0,'挖哈哈腕力球',0,0),(397,'isYryfSlk0O1XZF0fIAjVw==',29800,0,'挖哈哈腕力球',0,0),(398,'J1dDLH+f2O9CgvX+G06rMg==',29800,0,'挖哈哈腕力球',0,0),(399,'GQ4pwhd+xCqq/iJ9p1ZjeA==',29800,0,'挖哈哈腕力球',0,0),(400,'CDz3z0JQuIfsgVNjPbuvFg==',29800,0,'挖哈哈腕力球',0,0),(401,'QNV0JDHVaZ4ysFF91gbSOQ==',29800,0,'挖哈哈腕力球',0,0),(402,'/ur3OxCjXnSyDw5Gd6FvoA==',29800,0,'挖哈哈腕力球',0,0),(403,'ZRifXG4XgaYuvaGIY3HERg==',29800,0,'挖哈哈腕力球',0,0),(404,'6DWnOy+6wt89h3AW9eZu+Q==',29800,0,'挖哈哈腕力球',0,0),(405,'H7+KTDEKHFSJedxfT8lMIg==',29800,0,'挖哈哈腕力球',0,0),(406,'aEi60GRs3GYTnQZqfdgIGg==',29800,0,'挖哈哈腕力球',0,0),(407,'Dp/M8+89rydKwQqCXh13FA==',29800,0,'挖哈哈腕力球',0,0),(408,'wzdDTLOueoJWrsUoxHj7OQ==',29800,0,'挖哈哈腕力球',0,0),(409,'Q2Pc0JPhmqLF6ohfQBPGLw==',29800,0,'挖哈哈腕力球',0,0),(410,'AswnnwLP/jjfirPBPPduPw==',29800,0,'挖哈哈腕力球',0,0),(411,'0AGgWCBrlLdHzkxuUCkqMQ==',29800,0,'挖哈哈腕力球',0,0),(412,'mOmIGCnAUolVpwU6PJ0/ug==',29800,0,'挖哈哈腕力球',0,0),(413,'XYKO5Q/MoKHoRMuOsIJPQQ==',29800,0,'挖哈哈腕力球',0,0),(414,'d8nrrf3vWcZCnYK2lHYaOA==',29800,0,'挖哈哈腕力球',0,0),(415,'5CBmjJgvNql5ezKGKXGI3g==',29800,0,'挖哈哈腕力球',0,0),(416,'cOoFAuoH69PoDO1X57jx8Q==',29800,0,'挖哈哈腕力球',0,0),(417,'pj1GDzQZtyHKbSVuDhN7fA==',29800,0,'挖哈哈腕力球',0,0),(418,'EtPA96Sa/IMBBbrZM3kmkQ==',29800,0,'挖哈哈腕力球',0,0),(419,'oTYP6Q4Cjy2o6t6t+mhKPw==',29800,0,'挖哈哈腕力球',0,0),(420,'4wue1a4KfdS/38HBgmJkmg==',29800,0,'挖哈哈腕力球',0,0),(421,'2UFVkbUQLLdl5hAFGbtKog==',29800,0,'挖哈哈腕力球',0,0),(422,'8t5JPoI+hOYLNXZiyWkrRQ==',29800,0,'挖哈哈腕力球',0,0),(423,'NaXF/Wcsf5QG9M7pxhb8Tw==',29800,0,'挖哈哈腕力球',0,0),(424,'RCMeiMPXekCaCe4U7nFSig==',29800,0,'挖哈哈腕力球',0,0),(425,'K8QMsY4HfHODCUAoXMeSjQ==',29800,0,'挖哈哈腕力球',0,0),(426,'ZXQ00lCQ8YUh02AwjkERug==',29800,0,'挖哈哈腕力球',0,0),(427,'nRKNX/ursRPO7KJH0QdTmw==',29800,0,'挖哈哈腕力球',0,0),(428,'c/Nns8pfw/iGo/N+ccHptQ==',29800,0,'挖哈哈腕力球',0,0),(429,'p2kyxTddxNq46VZ3KKoGlg==',29800,0,'挖哈哈腕力球',0,0),(430,'6OGKDvtGHr1slCRSCIXDOg==',29800,0,'挖哈哈腕力球',0,0),(431,'9ysa8POxYz9J3/hGxAM03Q==',29800,0,'挖哈哈腕力球',0,0),(432,'gM/B+rC3ZCAUY1xGL2HVuQ==',29800,0,'挖哈哈腕力球',0,0),(433,'Tnj3UwHnf0/n0lKCc+/KlA==',29800,0,'挖哈哈腕力球',0,0),(434,'OxaQtO4V30hEasj/9x0z0Q==',29800,0,'挖哈哈腕力球',0,0),(435,'7sLKpv85hFC2iVjKodScBA==',29800,0,'挖哈哈腕力球',0,0),(436,'BITqU9y8q0aLKUshNYxcNQ==',29800,0,'挖哈哈腕力球',0,0),(437,'wTKFsIzYS893MKBdaCGpug==',29800,0,'挖哈哈腕力球',0,0),(438,'c3PxkizyWbZ1qK9jtO0xPA==',29800,0,'挖哈哈腕力球',0,0),(439,'41YagIWtaOvo7cbFw+AACg==',29800,0,'挖哈哈腕力球',0,0),(440,'t7o/yv8IXpf9EqOUcUsQxg==',29800,0,'挖哈哈腕力球',0,0),(441,'pWwby83YEOBkGASCUu3jxg==',29800,0,'挖哈哈腕力球',0,0),(442,'jS93fv5oi7ESEjwGO4FoxA==',29800,0,'挖哈哈腕力球',0,0),(443,'EMZGMF848uxPmmcZWQb6dA==',29800,0,'挖哈哈腕力球',0,0),(444,'a2YP7NVfPWRJ2mzsWd0Glg==',29800,0,'挖哈哈腕力球',0,0),(445,'ObV8/Hipp2SXKZzoatL9UA==',29800,0,'挖哈哈腕力球',0,0),(446,'adAaHPXXeNBWdNpJw7IO1w==',29800,0,'挖哈哈腕力球',0,0),(447,'bhCUTL/QsmNeCWZggK7Yxg==',29800,0,'挖哈哈腕力球',0,0),(448,'b22ocq1beRVYlzyFaAy08A==',29800,0,'挖哈哈腕力球',0,0),(449,'OcKksaeIKcWu7qHp6I0Jrg==',29800,0,'挖哈哈腕力球',0,0),(450,'LPusNE5yEGlnyBTlUNVKjw==',29800,0,'挖哈哈腕力球',0,0),(451,'RF8Fw2nfBZUwGT9nvkwlrQ==',29800,0,'挖哈哈腕力球',0,0),(452,'zeqrv3D7VzS9bBTwUGRivg==',29800,0,'挖哈哈腕力球',0,0),(453,'2+gG5w30bDiyu0N04QMqhg==',29800,0,'挖哈哈腕力球',0,0),(454,'TlLjan6gFS4S+5AD7wvQ/A==',29800,0,'挖哈哈腕力球',0,0),(455,'IIkc3esLA1tN5O3F6z3bQw==',29800,0,'挖哈哈腕力球',0,0),(456,'0i//ZPV7dyDUHldMuo3m+A==',29800,0,'挖哈哈腕力球',0,0),(457,'7zv+5UTRsd30gbKzH0JzTg==',29800,0,'挖哈哈腕力球',0,0),(458,'fYSq8x83rCw6fz+qiPJFXw==',29800,0,'挖哈哈腕力球',0,0),(459,'FSSth8h0oRFMLXZas7IWEA==',29800,0,'挖哈哈腕力球',0,0),(460,'ZcDwZnFEU5o/wQPAWTaOhg==',29800,0,'挖哈哈腕力球',0,0),(461,'c5+hNyrx0pjRu/Farxl4ow==',29800,0,'挖哈哈腕力球',0,0),(462,'9ZxqerIINBrqlbWSmVJaww==',29800,0,'挖哈哈腕力球',0,0),(463,'T7g4Aa31jT6EA9tcdP2brA==',29800,0,'挖哈哈腕力球',0,0),(464,'d38NNI8bl4xUwvw8wuZN4w==',29800,0,'挖哈哈腕力球',0,0),(465,'GqojgTH25psIIqwjvCRgBw==',29800,0,'挖哈哈腕力球',0,0),(466,'ToqkNVJWsNvRQEJooim1BQ==',29800,0,'挖哈哈腕力球',0,0),(467,'ZLNAbSKl9KiuHtDFU6VSvw==',29800,0,'挖哈哈腕力球',0,0),(468,'SVJ2A4IOLNp2/KGJ/yX86g==',29800,0,'挖哈哈腕力球',0,0),(469,'sudl3h7FfpaxaSyMNCNudg==',29800,0,'挖哈哈腕力球',0,0),(470,'SjlQLx/9sq/HNglQ37YwEQ==',29800,0,'挖哈哈腕力球',0,0),(471,'N7ksOQ/bi/g+n3XEmrLr8g==',29800,0,'挖哈哈腕力球',0,0),(472,'EY0BAf8QBJyraCvENTQXnQ==',29800,0,'挖哈哈腕力球',0,0),(473,'h33fZvD8cAH45ylSJKTCMQ==',29800,0,'挖哈哈腕力球',0,0),(474,'xbuikqcVkHVklgYziOjnig==',29800,0,'挖哈哈腕力球',0,0),(475,'U4uI+ogXzzBzXb67ONzyqw==',29800,0,'挖哈哈腕力球',0,0),(476,'PQt8BkFkjJonJ0u0DrUEug==',29800,0,'挖哈哈腕力球',0,0),(477,'Zf7QHv7bAUP+m+LYGLVUrg==',29800,0,'挖哈哈腕力球',0,0),(478,'lor1j+/gtIInDJo8WWJn3A==',29800,0,'挖哈哈腕力球',0,0),(479,'8B5tFnnhyNoJnhj2y/DABQ==',29800,0,'挖哈哈腕力球',0,0),(480,'FD2TlVw1ksj5L729RCgN9Q==',29800,0,'挖哈哈腕力球',0,0),(481,'rS9ryd/8zTfx+gqrihVCeA==',29800,0,'挖哈哈腕力球',0,0),(482,'p+1uu1lkTeWBHJ6LTpWFDw==',29800,0,'挖哈哈腕力球',0,0),(483,'Auxpv0hCm+O5Gze4O9YU2g==',29800,0,'挖哈哈腕力球',0,0),(484,'QQQdqDTX5P90N+5J7NuOjg==',29800,0,'挖哈哈腕力球',0,0),(485,'WMDnRpX07OebRKkPz5E7vQ==',29800,0,'挖哈哈腕力球',0,0),(486,'THnxmbcDjZ14p+0vrMHhng==',29800,0,'挖哈哈腕力球',0,0),(487,'mIwyFs3wDQdfQhdoYvnFkg==',29800,0,'挖哈哈腕力球',0,0),(488,'huFNx98f9ZhS1R2hc26rjg==',29800,0,'挖哈哈腕力球',0,0),(489,'kiaqSN+MqrT/ymKaO1YnOQ==',29800,0,'挖哈哈腕力球',0,0),(490,'96VBpw14essj67oJXjFRIw==',29800,0,'挖哈哈腕力球',0,0),(491,'IKXGIWYfr6pFtiz1ib+Nnw==',29800,0,'挖哈哈腕力球',0,0),(492,'eZAM5tlKwIscf1duNgsnFw==',29800,0,'挖哈哈腕力球',0,0),(493,'Cmu4yjVQzVahoBeOd9qRxQ==',29800,0,'挖哈哈腕力球',0,0),(494,'EVgsxdT1rInad+fVLXe4VQ==',29800,0,'挖哈哈腕力球',0,0),(495,'H7FoWBV+KxhVd1wEtk8PEA==',29800,0,'挖哈哈腕力球',0,0),(496,'gAStjjEwvoPmDaWeiXsPEA==',29800,0,'挖哈哈腕力球',0,0),(497,'qpPX94ogzN+2+CU4gPoOFQ==',29800,0,'挖哈哈腕力球',0,0),(498,'0XINyAcLtJeW/yJFQAUcjg==',29800,0,'挖哈哈腕力球',0,0),(499,'17sRxpFp4wMUGC7Bqbo00g==',29800,0,'挖哈哈腕力球',0,0),(500,'wiZjztbSBpx6Mo5s6I/CXA==',29800,0,'挖哈哈腕力球',0,0),(501,'tDUFXumrPlZd05vNXfCVxg==',29800,0,'挖哈哈腕力球',0,0),(502,'046BWt9XgomcRoNImHZusg==',29800,0,'挖哈哈腕力球',0,0),(503,'ShCxAGkXZcdXVl6LBjMYXQ==',29800,0,'挖哈哈腕力球',0,0),(504,'JgfzjRj/TU0ojt3bzUFkgA==',29800,0,'挖哈哈腕力球',0,0),(505,'3SdwKXhaHz7pL31ye0ryzQ==',29800,0,'挖哈哈腕力球',0,0),(506,'jpPNJw3U33DctYrNWWcl7w==',29800,0,'挖哈哈腕力球',0,0),(507,'rLuIBxY7Sjp78Mz48tV2pA==',29800,0,'挖哈哈腕力球',0,0),(508,'5p7j3cEGHt1+OpapYp/9wQ==',29800,0,'挖哈哈腕力球',0,0),(509,'4QmkfPGVrRQobFUP8y8qwQ==',29800,0,'挖哈哈腕力球',0,0),(510,'12Gs8WY+bvX3I8XOpNmZXw==',29800,0,'挖哈哈腕力球',0,0),(511,'F30Tt/nSkihR6fsq//+IOg==',29800,0,'挖哈哈腕力球',0,0),(512,'XEJD64l/EkqsSvQ0mjGd/w==',29800,0,'挖哈哈腕力球',0,0),(513,'+o/gSxy+YMcWAxXT5Ymijw==',29800,0,'挖哈哈腕力球',0,0),(514,'JwWGI8I2sxC2Tk2XyAYEqQ==',29800,0,'挖哈哈腕力球',0,0),(515,'XJA84yCmihUWID2Ku6hgmA==',29800,0,'挖哈哈腕力球',0,0),(516,'1BzoAiCHoIJ73RjJ/rLVLA==',29800,0,'挖哈哈腕力球',0,0),(517,'MmPx1GM+9qJYyoJrTchBlg==',29800,0,'挖哈哈腕力球',0,0),(518,'0Nd1k19regdM39ALdKXEkg==',29800,0,'挖哈哈腕力球',0,0),(519,'MDkISOutjbQU/gUOp7/i1g==',29800,0,'挖哈哈腕力球',0,0),(520,'aM9GiH6y2CkBufP7RCJiMQ==',29800,0,'挖哈哈腕力球',0,0),(521,'ibBcetcv9aL3aGF6hlRFOA==',29800,0,'挖哈哈腕力球',0,0),(522,'S5lFwWajBL3+ZskOJg244A==',29800,0,'挖哈哈腕力球',0,0),(523,'13tWNvOyf8ynG62RJFkIFw==',29800,0,'挖哈哈腕力球',0,0),(524,'YawJX4DyjRiGeNACu9DFdA==',29800,0,'挖哈哈腕力球',0,0),(525,'Tl5rR/yohr3Cig28kFZ/QQ==',29800,0,'挖哈哈腕力球',0,0),(526,'F66/CvFpeyqZSG7ivzeGbw==',29800,0,'挖哈哈腕力球',0,0),(527,'DjKkSwry4+9vF2X2V1H5kw==',29800,0,'挖哈哈腕力球',0,0),(528,'vKfXPuV+Wpu5qm7G2aM9IQ==',29800,0,'挖哈哈腕力球',0,0),(529,'0+2AdHYQ2EX7MvErTPu3rg==',29800,0,'挖哈哈腕力球',0,0),(530,'oobfIU02M7RiSYCnF9wnzQ==',29800,0,'挖哈哈腕力球',0,0),(531,'8QnBj7Z+vH+JgKq+3Wy2Sw==',29800,0,'挖哈哈腕力球',0,0),(532,'/X5x9xHHg1ww4tyHqkTMTA==',29800,0,'挖哈哈腕力球',0,0),(533,'06TejUGXvwnaZ9T4YmbaOQ==',29800,0,'挖哈哈腕力球',0,0),(534,'coFpZR714ivqEHbfCeRodw==',29800,0,'挖哈哈腕力球',0,0),(535,'oOxAhYYGcxoDXWAXtiL5Hg==',29800,0,'挖哈哈腕力球',0,0),(536,'+MLnRGKWIcd6syI3t817Vg==',29800,0,'挖哈哈腕力球',0,0),(537,'BVYqFScMU+rwBTviKjSEJA==',29800,0,'挖哈哈腕力球',0,0),(538,'FshsOS1cHS1ReOGlLlnQTg==',29800,0,'挖哈哈腕力球',0,0),(539,'PRGr3C1FIYKNF3o0dvha6w==',29800,0,'挖哈哈腕力球',0,0),(540,'h9torzeqCpz/xU2jh8RuUg==',29800,0,'挖哈哈腕力球',0,0),(541,'YTKSRPkj247s3wHs7I+TDQ==',29800,0,'挖哈哈腕力球',0,0),(542,'uThHGXwHSGnL0ohula6sXQ==',29800,0,'挖哈哈腕力球',0,0),(543,'KCJmEPEMB9rqr4BPzWQqVg==',29800,0,'挖哈哈腕力球',0,0),(544,'ARW0S/3hBCMH/aIyuvCETg==',29800,0,'挖哈哈腕力球',0,0),(545,'zsy0U0tZBHGaUjJUMU0k4w==',29800,0,'挖哈哈腕力球',0,0),(546,'JjgG/afLIbxLd4Dw+BIHbg==',29800,0,'挖哈哈腕力球',0,0),(547,'/I6A70PimVT/YaVBY1dTNQ==',29800,0,'挖哈哈腕力球',0,0),(548,'3bfN3zIqLL6wbrHndPJeZw==',29800,0,'挖哈哈腕力球',0,0),(549,'MoNwGP7wo5DjtCyyCTfJyw==',29800,0,'挖哈哈腕力球',0,0),(550,'fJxQZ0F6fHPTN8YEeWjMCA==',29800,0,'挖哈哈腕力球',0,0),(551,'2XwSGQgFTyyuWSjpHaJACw==',29800,0,'挖哈哈腕力球',0,0),(552,'VUvssQbYP8Ln3t5mgGkCaA==',29800,0,'挖哈哈腕力球',0,0),(553,'HA4mEmjPYB0GQFzESFrMaQ==',29800,0,'挖哈哈腕力球',0,0),(554,'CtfdJ81kotyFkFDucA6ccQ==',29800,0,'挖哈哈腕力球',0,0),(555,'Wqdi+Lv59gjoobQ2Vx/u8A==',29800,0,'挖哈哈腕力球',0,0),(556,'b0Ya0NsiZ2WGlZHy/EotwA==',29800,0,'挖哈哈腕力球',0,0),(557,'qfW+YLw/xhmUHbrfFyf58g==',29800,0,'挖哈哈腕力球',0,0),(558,'2v2Ez7dyOvJu/tbRE+36sA==',29800,0,'挖哈哈腕力球',0,0),(559,'i4/Po0kL94jeBREea6eGEA==',29800,0,'挖哈哈腕力球',0,0),(560,'0Oi7QTcQJGcILyeOHbwWOw==',29800,0,'挖哈哈腕力球',0,0),(561,'biiZrbRa6iy3Vys273fnsw==',29800,0,'挖哈哈腕力球',0,0),(562,'pzhHIVbH5SM6T6431qzZCA==',29800,0,'挖哈哈腕力球',0,0),(563,'OdeV+HeU9lM/g0Fgy0r2oQ==',29800,0,'挖哈哈腕力球',0,0),(564,'yshoTKacQrCM2PWQ4DC9iw==',29800,0,'挖哈哈腕力球',0,0),(565,'c2urU03jOUZXwP8LE3Q6rQ==',29800,0,'挖哈哈腕力球',0,0),(566,'NeWyy8KphIfFS64xj6zVEg==',29800,0,'挖哈哈腕力球',0,0),(567,'cFQ+B906z/SGYVYesEEOaw==',29800,0,'挖哈哈腕力球',0,0),(568,'Oi8oc/lI9xpr6R6isKgy+Q==',29800,0,'挖哈哈腕力球',0,0),(569,'OjU5dkU4UMaREhldvDX2nw==',29800,0,'挖哈哈腕力球',0,0),(570,'oFud/CfbK5Lf9RZVygzCAw==',29800,0,'挖哈哈腕力球',0,0),(571,'cIzlC3VhGf5jlCMch51BvA==',29800,0,'挖哈哈腕力球',0,0),(572,'7YP6U7/7dhv0G3Frk7i2+Q==',29800,0,'挖哈哈腕力球',0,0),(573,'rSMUgDDx4HusF6er8p3SNw==',29800,0,'挖哈哈腕力球',0,0),(574,'nxFEhZZiBEMDlfC2Itvzlw==',29800,0,'挖哈哈腕力球',0,0),(575,'VrqfL9sT1pPqRbEKFmJ8Ew==',29800,0,'挖哈哈腕力球',0,0),(576,'c6DRVxshM4kpEzNhuekn2A==',29800,0,'挖哈哈腕力球',0,0),(577,'n5FBgkou5semXbYmzuLTtg==',29800,0,'挖哈哈腕力球',0,0),(578,'iVqyO10q0HdEovbjDYmwvA==',29800,0,'挖哈哈腕力球',0,0),(579,'LH5CCNe/o1ygHvYjr7WlBg==',29800,0,'挖哈哈腕力球',0,0),(580,'d1MN6i+drktaTZgx19e7CQ==',29800,0,'挖哈哈腕力球',0,0),(581,'jh5H3coKj4oOTd1N2sc+dg==',29800,0,'挖哈哈腕力球',0,0),(582,'Xfu9b7RNEjKibX0NadD5Bw==',29800,0,'挖哈哈腕力球',0,0),(583,'BY9TvgB2XdUjZrq2YxSU8A==',29800,0,'挖哈哈腕力球',0,0),(584,'4ZmmKA676BjKr1xdWSD7EQ==',29800,0,'挖哈哈腕力球',0,0),(585,'iKvPsdjZLd/MbYLkDGt3ag==',29800,0,'挖哈哈腕力球',0,0),(586,'66pqPUWu7nmMfJYEmDY9fw==',29800,0,'挖哈哈腕力球',0,0),(587,'TbQk5GvZaTWvF677uS6tJw==',29800,0,'挖哈哈腕力球',0,0),(588,'tyBsODbaE5H2LBuNy73pQQ==',29800,0,'挖哈哈腕力球',0,0),(589,'lFEE3l3crw01hee07/36VQ==',29800,0,'挖哈哈腕力球',0,0),(590,'dU9+SD3v7+u5nlt7oICm4A==',29800,0,'挖哈哈腕力球',0,0),(591,'2iaJ4Er3aE9/9edgA0t42g==',29800,0,'挖哈哈腕力球',0,0),(592,'OL83dAnDpoeMtbc5lWl3sg==',29800,0,'挖哈哈腕力球',0,0),(593,'lB8qUK6zA0yCDuH0YeITQg==',29800,0,'挖哈哈腕力球',0,0),(594,'PvVZk9XGPA7maMxF4tBlgQ==',29800,0,'挖哈哈腕力球',0,0),(595,'jzeqa+zwsbUMUCaDcRb4DQ==',29800,0,'挖哈哈腕力球',0,0),(596,'mFYWENUhXunNqgACxI3kAg==',29800,0,'挖哈哈腕力球',0,0),(597,'y/kX2uLMZpQu7hGqwLVMlg==',29800,0,'挖哈哈腕力球',0,0),(598,'BOWOb0SpmJFm4mCUn/IbUg==',29800,0,'挖哈哈腕力球',0,0),(599,'IbMVj6MRarJvEl6QKPUXQA==',29800,0,'挖哈哈腕力球',0,0),(600,'gUclShA9xFvQPTbas+9Kbw==',29800,0,'挖哈哈腕力球',0,0),(601,'0visbCkE73rKLxUAimO6kQ==',29800,0,'挖哈哈腕力球',0,0),(602,'t27er72hfFMSJ0YwSZ7o+Q==',29800,0,'挖哈哈腕力球',0,0),(603,'gIow9XsBDKNxcCDtRUAT3w==',29800,0,'挖哈哈腕力球',0,0),(604,'yPc+NphoZMbaGhBD1zmUVg==',29800,0,'挖哈哈腕力球',0,0),(605,'XQJlH/H5TpTMjzT2kJkoEQ==',29800,0,'挖哈哈腕力球',0,0),(606,'jS3XLJV0UxQR71OtDGLRgA==',29800,0,'挖哈哈腕力球',0,0),(607,'pqnhjHg4IKBFEIpxOha0Cw==',29800,0,'挖哈哈腕力球',0,0),(608,'lreK7jgHt1ql9KoG/sZ3og==',29800,0,'挖哈哈腕力球',0,0),(609,'CelTPw2B+zZSte3BaYmERg==',29800,0,'挖哈哈腕力球',0,0),(610,'kZhJv6TJoDSN0If3HG08eA==',29800,0,'挖哈哈腕力球',0,0),(611,'1PA7xHSISkVBLYhnVlgTWQ==',29800,0,'挖哈哈腕力球',0,0),(612,'4f4QTanGT4mcdTWnCM3gYw==',29800,0,'挖哈哈腕力球',0,0),(613,'HDc/fJ6dVnUqgpWLW4cC1Q==',29800,0,'挖哈哈腕力球',0,0),(614,'iizU3AKtkzKwSSf0tBQ49g==',29800,0,'挖哈哈腕力球',0,0),(615,'oDvnmn3T4im2QHh9UpuT9Q==',29800,0,'挖哈哈腕力球',0,0),(616,'UkgDS+PiIvazwocG6ILXNg==',29800,0,'挖哈哈腕力球',0,0),(617,'6QsnDJuIa7oNzxh6jh55Qg==',29800,0,'挖哈哈腕力球',0,0),(618,'MvQtpU3eS8jcciigmebHBQ==',29800,0,'挖哈哈腕力球',0,0),(619,'bd2ZHQfnA5FvyBrmvVIWHQ==',29800,0,'挖哈哈腕力球',0,0),(620,'FoaXD+8AH+Rd2rxtzQ6ivA==',29800,0,'挖哈哈腕力球',0,0),(621,'BghuaVijbNkXovoW3uNhBQ==',29800,0,'挖哈哈腕力球',0,0),(622,'rvQixUuAfBCIPZcyDgOb1w==',29800,0,'挖哈哈腕力球',0,0),(623,'bKtSjf0gixxHszxvrBdXeA==',29800,0,'挖哈哈腕力球',0,0),(624,'joxpgpuvAO5cvNfbz8qHyQ==',29800,0,'挖哈哈腕力球',0,0),(625,'gFYopZCcGsFMbmk4paIKHA==',29800,0,'挖哈哈腕力球',0,0),(626,'G7jCipb7UL0j19c+2RGeEw==',29800,0,'挖哈哈腕力球',0,0),(627,'XeKEohDCVux3+rhvvSdipA==',29800,0,'挖哈哈腕力球',0,0),(628,'fZqoSej8kG6jTY0ZvCVs1w==',29800,0,'挖哈哈腕力球',0,0),(629,'xCmYYB4OFcx4ChQdLr6Bdg==',29800,0,'挖哈哈腕力球',0,0),(630,'cBEmJvmWI9tvRSY7rT73Ww==',29800,0,'挖哈哈腕力球',0,0),(631,'tedyI7IB2IB2hX3umU58ow==',29800,0,'挖哈哈腕力球',0,0),(632,'cckcqrU4NPoRcthIk8Lg7Q==',29800,0,'挖哈哈腕力球',0,0),(633,'0eNbcb17cTnE8Xqau28Dag==',29800,0,'挖哈哈腕力球',0,0),(634,'3yMUGYZ95ut1Mqqp3ECj4w==',29800,0,'挖哈哈腕力球',0,0),(635,'+7YNFQoyWg2AiBaaKHQOXg==',29800,0,'挖哈哈腕力球',0,0),(636,'hf8Nh+jcO9Nx99JCSC/DGA==',29800,0,'挖哈哈腕力球',0,0),(637,'QhgP0TtLGsSNhJCzJT8Qgw==',29800,0,'挖哈哈腕力球',0,0),(638,'KnJ5JpMigc1cEGxr845TpA==',29800,0,'挖哈哈腕力球',0,0),(639,'UWEuK9wfvKqQ4/tQNMir0A==',29800,0,'挖哈哈腕力球',0,0),(640,'NCYr9VxbaOdXStGJvjGA6w==',29800,0,'挖哈哈腕力球',0,0),(641,'QWEoH/WQA8QPC1DIu4ihsg==',29800,0,'挖哈哈腕力球',0,0),(642,'hbuBn5IQV5mfKLer7r9Sfg==',29800,0,'挖哈哈腕力球',0,0),(643,'WQI8DRFzDmnvCC+KbrkodA==',29800,0,'挖哈哈腕力球',0,0),(644,'D8TJpnBi7dcZb2O6lF4G9g==',29800,0,'挖哈哈腕力球',0,0),(645,'EvT+mnyZ15lC1A+yCmay7Q==',29800,0,'挖哈哈腕力球',0,0),(646,'MSXAxJbLo+/D4dtFiJLUEA==',29800,0,'挖哈哈腕力球',0,0),(647,'qtbfGoGympnEhpJ/PhJO+Q==',29800,0,'挖哈哈腕力球',0,0),(648,'D7+dPY9PIX0YEp4ivbOZZA==',29800,0,'挖哈哈腕力球',0,0),(649,'R4xfXkdDt9qyjxTLFOINxw==',29800,0,'挖哈哈腕力球',0,0),(650,'LYaaPhRV6lUEuE5ReN9AKw==',29800,0,'挖哈哈腕力球',0,0),(651,'4yDtG1447BL8l4hnfRSgPw==',29800,0,'挖哈哈腕力球',0,0),(652,'aIcFuo4nCYMFIqWVwbgSaQ==',29800,0,'挖哈哈腕力球',0,0),(653,'NzVvTNFlqt/S9+hfdXT7mg==',29800,0,'挖哈哈腕力球',0,0),(654,'QoiPigFbeqFY1BkU0wbLUw==',29800,0,'挖哈哈腕力球',0,0),(655,'VLEHbRU2z9OQaMagbWwZZw==',29800,0,'挖哈哈腕力球',0,0),(656,'bbZfHbfyocLHPLq9hIlCHg==',29800,0,'挖哈哈腕力球',0,0),(657,'juz8XmKaWeTEi7FSqXWdOQ==',29800,0,'挖哈哈腕力球',0,0),(658,'iCSwzTPriiZyeVTkZtNJtQ==',29800,0,'挖哈哈腕力球',0,0),(659,'Ki800+MrCBk/U4zv5X+JQQ==',29800,0,'挖哈哈腕力球',0,0),(660,'NvEQvabtyWMTpWz1Kut5Lw==',29800,0,'挖哈哈腕力球',0,0),(661,'ooMofKvmFHz3hhb3thvCJw==',29800,0,'挖哈哈腕力球',0,0),(662,'tA6c3S2B7vXjM8Ud+koqXg==',29800,0,'挖哈哈腕力球',0,0),(663,'T1n4YUra4mxx4FmQhFe6og==',29800,0,'挖哈哈腕力球',0,0),(664,'ice8j+BM0p7pO+QqKwj7vQ==',29800,0,'挖哈哈腕力球',0,0),(665,'GvMVMpuX5J7UthH0ejxy+g==',29800,0,'挖哈哈腕力球',0,0),(666,'SwiPv6uEzu3CTfWtvaViQA==',29800,0,'挖哈哈腕力球',0,0),(667,'93t18zwKBS8BvA+VAi76uA==',29800,0,'挖哈哈腕力球',0,0),(668,'oimVE6nKrfDlb1aQxwcRzg==',29800,0,'挖哈哈腕力球',0,0),(669,'JMuWESZ/f71/vLx3f11iNg==',29800,0,'挖哈哈腕力球',0,0),(670,'XaXTesIxMwofpMY6zVFVXA==',29800,0,'挖哈哈腕力球',0,0),(671,'aZJHGsBZuYVTGFqDPDdURg==',29800,0,'挖哈哈腕力球',0,0),(672,'3ru4oe2C5oqNRP0F7bD8kA==',29800,0,'挖哈哈腕力球',0,0),(673,'X6k3TlocoQyWHbsoHawK2w==',29800,0,'挖哈哈腕力球',0,0),(674,'d75Vvq195B4cVVr3LMew/g==',29800,0,'挖哈哈腕力球',0,0),(675,'+LEPrNXGRemTlkjPsumKNA==',29800,0,'挖哈哈腕力球',0,0),(676,'+S+/zPhY/p430fPHw9r0VQ==',29800,0,'挖哈哈腕力球',0,0),(677,'uBvKsQh14WcN2LQfL4iKWA==',29800,0,'挖哈哈腕力球',0,0),(678,'UOcutOrjh/eAgnjEBIodrQ==',29800,0,'挖哈哈腕力球',0,0),(679,'Y69s5aaHYASKnfoh7C099w==',29800,0,'挖哈哈腕力球',0,0),(680,'W5ct7h7XkZuyU/nSsdSMUw==',29800,0,'挖哈哈腕力球',0,0),(681,'Hl/YNwXtJYP197cOzeVJUw==',29800,0,'挖哈哈腕力球',0,0),(682,'ILe6VOp2TP2E0CR6r4kMJg==',29800,0,'挖哈哈腕力球',0,0),(683,'zy6c1iSC/Iw2qZ2FpZag6w==',29800,0,'挖哈哈腕力球',0,0),(684,'m51dsy0JcCIXtQonHs56IA==',29800,0,'挖哈哈腕力球',0,0),(685,'Wh5Ka+9fNkGK6brEfNIvnA==',29800,0,'挖哈哈腕力球',0,0),(686,'P9dYBH9yKPl4d41w7HXQlA==',29800,0,'挖哈哈腕力球',0,0),(687,'xjOWlN3HpPZz9CugSGU+qA==',29800,0,'挖哈哈腕力球',0,0),(688,'/N1pgbM0M82rIsYZXsF8mw==',29800,0,'挖哈哈腕力球',0,0),(689,'F+B5WveKF/lOXKq1LJZO7g==',29800,0,'挖哈哈腕力球',0,0),(690,'foo7hJTcs90UsEhZuwkQUw==',29800,0,'挖哈哈腕力球',0,0),(691,'JM5u7DTSpGEpI6uoK4e8Uw==',29800,0,'挖哈哈腕力球',0,0),(692,'qaAbA1SbvRI63kz/mIA0RA==',29800,0,'挖哈哈腕力球',0,0),(693,'joSrh14A8vzGkF+IVGMKtw==',29800,0,'挖哈哈腕力球',0,0),(694,'vXW0cPWpsuAxmqG9pFHG1Q==',29800,0,'挖哈哈腕力球',0,0),(695,'6VKTRMtNKu2PEJuGggMweQ==',29800,0,'挖哈哈腕力球',0,0),(696,'PQ+Cpe4/SpcT+VXTgoarbw==',29800,0,'挖哈哈腕力球',0,0),(697,'W3Dhg19+J5ftY9zJWh8Dxg==',29800,0,'挖哈哈腕力球',0,0),(698,'Fn0XOwuSh2ygl45R2fk5hA==',29800,0,'挖哈哈腕力球',0,0),(699,'fGWHAAAmG3XfIJRNB5BizQ==',29800,0,'挖哈哈腕力球',0,0),(700,'O6W50QHVKWLyCKK7nvAaXQ==',29800,0,'挖哈哈腕力球',0,0),(701,'1hmy1YHMP39LemWFMyNP+w==',29800,0,'挖哈哈腕力球',0,0),(702,'vNpN9HPZfUrSOlcpj2qA4A==',29800,0,'挖哈哈腕力球',0,0),(703,'CRJh5ibakYr7LgpASv/w6Q==',29800,0,'挖哈哈腕力球',0,0),(704,'94O5ZZ0MbkxW21dyRqkCeQ==',29800,0,'挖哈哈腕力球',0,0),(705,'O7UMi2il1cry5HO4ciykQg==',29800,0,'挖哈哈腕力球',0,0),(706,'H8MH/5ITA/MdNNRpdRevzQ==',29800,0,'挖哈哈腕力球',0,0),(707,'lzhUQ52Pq8my+HOEmqmgFw==',29800,0,'挖哈哈腕力球',0,0),(708,'dtN2gjm6is4LJk1MTo4H2Q==',29800,0,'挖哈哈腕力球',0,0),(709,'1HIRxm4IfocFW4RWPaGteQ==',29800,0,'挖哈哈腕力球',0,0),(710,'VyE2OxsxGE46zmBwxrQQcw==',29800,0,'挖哈哈腕力球',0,0),(711,'o9rf/LfHsxRfMlm0B9XN7w==',29800,0,'挖哈哈腕力球',0,0),(712,'2hSbWJKA7ahww2+qs1mq+A==',29800,0,'挖哈哈腕力球',0,0),(713,'Iz75ndbM8Ny36SSv2JHz1A==',29800,0,'挖哈哈腕力球',0,0),(714,'IdwDWntvsbkq4aP7dfYKHA==',29800,0,'挖哈哈腕力球',0,0),(715,'ZXj2zV5yxBO/v57no2A0Og==',29800,0,'挖哈哈腕力球',0,0),(716,'h6nGLKGoAvAgEVMVJ9PkLg==',29800,0,'挖哈哈腕力球',0,0),(717,'ensu/osQ/qPxe55ZNvrRTA==',29800,0,'挖哈哈腕力球',0,0),(718,'8+zfaCmKTPS5Vx9aeKc2DQ==',29800,0,'挖哈哈腕力球',0,0),(719,'qkIpPoZNP2sQZ+2tE1HQbg==',29800,0,'挖哈哈腕力球',0,0),(720,'aCSXAcdXN4S2x/wCw8dDng==',29800,0,'挖哈哈腕力球',0,0),(721,'IMn0KFuc4QY6CjGAuN5ujw==',29800,0,'挖哈哈腕力球',0,0),(722,'hJGss5i0x4ylcS5itW/ERw==',29800,0,'挖哈哈腕力球',0,0),(723,'9nnPtdbbLRmL2uJLePSHdg==',29800,0,'挖哈哈腕力球',0,0),(724,'VHL+YP787+0luEMUTaIJVg==',29800,0,'挖哈哈腕力球',0,0),(725,'Lpx/d4r33IKkCtC4SdQsPg==',29800,0,'挖哈哈腕力球',0,0),(726,'qTWm0O+CvWObO8xZJCL9Fw==',29800,0,'挖哈哈腕力球',0,0),(727,'NBdzaxaj485PCNeGB6EAxg==',29800,0,'挖哈哈腕力球',0,0),(728,'D1hxZzc9BFqGNHve+5/wnw==',29800,0,'挖哈哈腕力球',0,0),(729,'r9eQ3ddkpjxcY7lAnrKTuw==',29800,0,'挖哈哈腕力球',0,0),(730,'o1xZBdhlLnRqlouxxlyxTA==',29800,0,'挖哈哈腕力球',0,0),(731,'sKBciemSPRu4UPKMfDZ1EA==',29800,0,'挖哈哈腕力球',0,0),(732,'thp41rVqTqCzpn/OWYFNWw==',29800,0,'挖哈哈腕力球',0,0),(733,'kyNnRVz4MHAL6jUz01RiHA==',29800,0,'挖哈哈腕力球',0,0),(734,'QHx0iOI8vrqT+ZHpmmqVlw==',29800,0,'挖哈哈腕力球',0,0),(735,'4a6gBmjTGBCMgRMIwr32DQ==',29800,0,'挖哈哈腕力球',0,0),(736,'Hq5VvzKTnWXONqXVIwl7fQ==',29800,0,'挖哈哈腕力球',0,0),(737,'c/L2139OqJ51ssMPXyFVFg==',29800,0,'挖哈哈腕力球',0,0),(738,'RGQFa6LAbhwWh+z5gLp0dA==',29800,0,'挖哈哈腕力球',0,0),(739,'Phb+kYJGwOky9M6kK7Ngxw==',29800,0,'挖哈哈腕力球',0,0),(740,'kFDSTlF5X4/uI79/e9jJLA==',29800,0,'挖哈哈腕力球',0,0),(741,'hkxCnI9c6RN82ZFE+hxLcg==',29800,0,'挖哈哈腕力球',0,0),(742,'0u0tobG3ZU9Rt0k7/yqGKw==',29800,0,'挖哈哈腕力球',0,0),(743,'s5vgjGOS0yz7Yk6wku8tbw==',29800,0,'挖哈哈腕力球',0,0),(744,'AUidGLlY60HGElcy1Pmyyg==',29800,0,'挖哈哈腕力球',0,0),(745,'PZHqpxyuAtSkl8wsKB3wfA==',29800,0,'挖哈哈腕力球',0,0),(746,'MhUreXO+/K8XXtreI+aNIw==',29800,0,'挖哈哈腕力球',0,0),(747,'R5+GDcVy0qzON3vLHoacuA==',29800,0,'挖哈哈腕力球',0,0),(748,'33QNGO2V4I1tHgs/q3lnmQ==',29800,0,'挖哈哈腕力球',0,0),(749,'guTxjTa7gDQ9n4YOmUgAig==',29800,0,'挖哈哈腕力球',0,0),(750,'sAppE+yDKeJ99M8LxYTUSg==',29800,0,'挖哈哈腕力球',0,0),(751,'zrUWa8U4QH3AvDm3EiDqvA==',29800,0,'挖哈哈腕力球',0,0),(752,'0Aqppc41QKB0jJrDi7AD7Q==',29800,0,'挖哈哈腕力球',0,0),(753,'C2IonkEHQRcNoLaWFRnoeA==',29800,0,'挖哈哈腕力球',0,0),(754,'eYm/ec1ZbidfKYNo/ZnkNQ==',29800,0,'挖哈哈腕力球',0,0),(755,'TgzyN7W7oUnsxqwN+d64Vw==',29800,0,'挖哈哈腕力球',0,0),(756,'d0mgzfBUUtspszojk1cr4w==',29800,0,'挖哈哈腕力球',0,0),(757,'wreeLfU+AkAiY48NpePgTA==',29800,0,'挖哈哈腕力球',0,0),(758,'BK75WgPY5YGAQuAgrTsgBQ==',29800,0,'挖哈哈腕力球',0,0),(759,'vhH7RMkbiwr4owKxxi6rqA==',29800,0,'挖哈哈腕力球',0,0),(760,'ocAnUSswOJEMHEbeZ1MtAA==',29800,0,'挖哈哈腕力球',0,0),(761,'yFcqNhqQpHQ9mtkF1fWbwg==',29800,0,'挖哈哈腕力球',0,0),(762,'CAYg8uNWXPqR9jY3ArvXyA==',29800,0,'挖哈哈腕力球',0,0),(763,'YMI/GDDSmEneySjsz9H28Q==',29800,0,'挖哈哈腕力球',0,0),(764,'4ShKw2x/WPEX0+10gXo0pw==',29800,0,'挖哈哈腕力球',0,0),(765,'QrmWVVq9ObuvWUiThUqRcg==',29800,0,'挖哈哈腕力球',0,0),(766,'U5UDXiadQP3l9ydbh5KUVw==',29800,0,'挖哈哈腕力球',0,0),(767,'IH9YY2+DS1CS84nKuLSttQ==',29800,0,'挖哈哈腕力球',0,0),(768,'HaeDjzXVuR41281YslznoQ==',29800,0,'挖哈哈腕力球',0,0),(769,'X3vzN3P3AXGqCAx3Fa2l5w==',29800,0,'挖哈哈腕力球',0,0),(770,'0wRIWDROCmooR5xMBxBQcA==',29800,0,'挖哈哈腕力球',0,0),(771,'iThW2zTsEe+GQ/SVJm+F3Q==',29800,0,'挖哈哈腕力球',0,0),(772,'SY/KZBJTGnKIzDTAzFFbZQ==',29800,0,'挖哈哈腕力球',0,0),(773,'adXcT3dPgq41gXgu8qm8wQ==',29800,0,'挖哈哈腕力球',0,0),(774,'2abbDB5A0ToqrW2VDEKGcQ==',29800,0,'挖哈哈腕力球',0,0),(775,'FS/4NS8lMkUPy+3MIgUECw==',29800,0,'挖哈哈腕力球',0,0),(776,'v8e5C22MJoyAs770wfaoaw==',29800,0,'挖哈哈腕力球',0,0),(777,'lUJEjlinF28DklbXtDPPkQ==',29800,0,'挖哈哈腕力球',0,0),(778,'BByeu/HeEY97jelYwpVPHg==',29800,0,'挖哈哈腕力球',0,0),(779,'j2SGcer1UMqQMkse48FISg==',29800,0,'挖哈哈腕力球',0,0),(780,'HbuK8SKCrt9L/5Rti/FP2w==',29800,0,'挖哈哈腕力球',0,0),(781,'79ZbkbeXnjdFMLFXtAJ/bg==',29800,0,'挖哈哈腕力球',0,0),(782,'/O6Nf1E5FQHDhntMl2ThEA==',29800,0,'挖哈哈腕力球',0,0),(783,'YJ32Uj27dOZ+Z5bmTJV2JQ==',29800,0,'挖哈哈腕力球',0,0),(784,'eEEFdIt8saBzR0WO9z6kxg==',29800,0,'挖哈哈腕力球',0,0),(785,'il0ODWwpBT0nFLHXGhoZjQ==',29800,0,'挖哈哈腕力球',0,0),(786,'5/dkju4rEr6lRGeaGNRCjg==',29800,0,'挖哈哈腕力球',0,0),(787,'iMQKwulcVNmVvOhACrCUqA==',29800,0,'挖哈哈腕力球',0,0),(788,'Rz1woSSAFWIvJJep39O+wA==',29800,0,'挖哈哈腕力球',0,0),(789,'BafdA/3CEMfQYtqeW5jv4w==',29800,0,'挖哈哈腕力球',0,0),(790,'gcW3xwFqPNCJ98DlJ1F9xQ==',29800,0,'挖哈哈腕力球',0,0),(791,'rOfqPRTsY8apXTLVwRtdxA==',29800,0,'挖哈哈腕力球',0,0),(792,'uoV9odj9mGbnfcCMyO0SPg==',29800,0,'挖哈哈腕力球',0,0),(793,'bxZ8ZEO9OBRUdWbYFeyDZA==',29800,0,'挖哈哈腕力球',0,0),(794,'drerWeTFhkGIzrwTOyAuUg==',29800,0,'挖哈哈腕力球',0,0),(795,'2KxzqKyDXyxmGIZLk81V5w==',29800,0,'挖哈哈腕力球',0,0),(796,'NYfqrZGefoOT6g/I6lyXgA==',29800,0,'挖哈哈腕力球',0,0),(797,'iqDc5Uj8O/TM62VKsSmZZA==',29800,0,'挖哈哈腕力球',0,0),(798,'ugCY06OkHuPk1hDko1Diag==',29800,0,'挖哈哈腕力球',0,0),(799,'9IDCHMGf0C9USxcmlel5Tg==',29800,0,'挖哈哈腕力球',0,0),(800,'GxjTGX8wSYmUEBLlObkLQQ==',29800,0,'挖哈哈腕力球',0,0),(801,'BoVTzYgtn/rZ0KRIwbcUgQ==',29800,0,'挖哈哈腕力球',0,0),(802,'UnLdrlamYXWecrPUGISzLA==',29800,0,'挖哈哈腕力球',0,0),(803,'ug0ZhDUscv7pEA9oAi1Yvw==',29800,0,'挖哈哈腕力球',0,0),(804,'47d99wmpYpeWBtokNA3avg==',29800,0,'挖哈哈腕力球',0,0),(805,'hmG+2jV7iVLAH1eCmYe20A==',29800,0,'挖哈哈腕力球',0,0),(806,'D0bgvbNbuiJRJ5iZNFKjfA==',29800,0,'挖哈哈腕力球',0,0),(807,'VRBM5bIOLg9Kux1AmywI+Q==',29800,0,'挖哈哈腕力球',0,0),(808,'lGQpoORxpFvy/R8iLiR5SQ==',29800,0,'挖哈哈腕力球',0,0),(809,'tHxEFgxLJe+Yct2qm57Vtw==',29800,0,'挖哈哈腕力球',0,0),(810,'6S4lX/khcKciCxYqkAjmlw==',29800,0,'挖哈哈腕力球',0,0),(811,'OxupyZMOF8ocvTWTpi5Kaw==',29800,0,'挖哈哈腕力球',0,0),(812,'9QfjBlFQ4dlNQEthV0N9gQ==',29800,0,'挖哈哈腕力球',0,0),(813,'jRJqetG8Vb8ZkxLDYN9ioA==',29800,0,'挖哈哈腕力球',0,0),(814,'mQPsT7glicLkzximeycqiQ==',29800,0,'挖哈哈腕力球',0,0),(815,'kvKeo6kzTU6PcUjSo3JPoQ==',29800,0,'挖哈哈腕力球',0,0),(816,'xvdaqiVuHWzweYMqeTG85g==',29800,0,'挖哈哈腕力球',0,0),(817,'u5UWQU5mqNznt6b8JRcs2w==',29800,0,'挖哈哈腕力球',0,0),(818,'69nIgQwzDOn10KvZDWKDBQ==',29800,0,'挖哈哈腕力球',0,0),(819,'kb8ec571g7Biq/cReEx3tQ==',29800,0,'挖哈哈腕力球',0,0),(820,'FTnfpP0vavT5g7Y8c5kVEg==',29800,0,'挖哈哈腕力球',0,0),(821,'gHSB58qYFQTUPLnUm0abEw==',29800,0,'挖哈哈腕力球',0,0),(822,'NEV4sWmluf+V5jm7IjWGAQ==',29800,0,'挖哈哈腕力球',0,0),(823,'QOlyoILsUs8bvgH6j2QjtA==',29800,0,'挖哈哈腕力球',0,0),(824,'A9YGuzl39TyBjFtZQ0PQMw==',29800,0,'挖哈哈腕力球',0,0),(825,'89u65Db0jVE5rjfl/36z9Q==',29800,0,'挖哈哈腕力球',0,0),(826,'u4W4elpZLhuWfGduZqA1uA==',29800,0,'挖哈哈腕力球',0,0),(827,'ZSOWhTmBEvyuqUR/ksjYhg==',29800,0,'挖哈哈腕力球',0,0),(828,'WIQz9SEJjGN/ZjmMVU9gmg==',29800,0,'挖哈哈腕力球',0,0),(829,'JtIKw3OaH4hqjOVjYKbTag==',29800,0,'挖哈哈腕力球',0,0),(830,'TGq6tXF/Ucq6YtjkZwMXkg==',29800,0,'挖哈哈腕力球',0,0),(831,'7Y1DHBpLPf+Z4H9Y/6c3kw==',29800,0,'挖哈哈腕力球',0,0),(832,'/gSU07kXkap2LPtmRH2kjQ==',29800,0,'挖哈哈腕力球',0,0),(833,'Ub0qGnkJZSTP2etNuPO2UA==',29800,0,'挖哈哈腕力球',0,0),(834,'2nZhQz7gWtDpGWpbNJ7tig==',29800,0,'挖哈哈腕力球',0,0),(835,'o5+2DVFAuwO6i6U5yryd1Q==',29800,0,'挖哈哈腕力球',0,0),(836,'iRphfGE0m39G1fpz+1icTQ==',29800,0,'挖哈哈腕力球',0,0),(837,'bbbBSpALTMSTzcH2IOzDCQ==',29800,0,'挖哈哈腕力球',0,0),(838,'HZ28oZgiCcUCtsBTg7iSUg==',29800,0,'挖哈哈腕力球',0,0),(839,'XSMfckgniigeWWSKLlT1CA==',29800,0,'挖哈哈腕力球',0,0),(840,'Iwl/ljDejl/EsvsOcLw4eQ==',29800,0,'挖哈哈腕力球',0,0),(841,'rz7j9z99pow40dqae3TNfw==',29800,0,'挖哈哈腕力球',0,0),(842,'gDJ4ebA1vdpc6+LEpht6Lw==',29800,0,'挖哈哈腕力球',0,0),(843,'Kz9xm02y3WiTuWofSc3KGQ==',29800,0,'挖哈哈腕力球',0,0),(844,'Zf/orlm3CIcRQ4EW0A1GXw==',29800,0,'挖哈哈腕力球',0,0),(845,'OCTNOcWXxZuOYWZ5B+vYcg==',29800,0,'挖哈哈腕力球',0,0),(846,'1BFRnTkRrF/rTDw2+5Ujhw==',29800,0,'挖哈哈腕力球',0,0),(847,'/+OlZoPPGj4AKUSkdyKKEA==',29800,0,'挖哈哈腕力球',0,0),(848,'dCgVH9IrECNXkV/06msdLQ==',29800,0,'挖哈哈腕力球',0,0),(849,'4+f9Q71YFMTmhVtakUXInw==',29800,0,'挖哈哈腕力球',0,0),(850,'ASUp5y39V41RmeoC1WTJQA==',29800,0,'挖哈哈腕力球',0,0),(851,'SyAyRYJbCiX7SIolUIunYQ==',29800,0,'挖哈哈腕力球',0,0),(852,'EI2Blh5sNjmYgNENsVZp3Q==',29800,0,'挖哈哈腕力球',0,0),(853,'W5i5oxhB8wg7/W4byLN+jQ==',29800,0,'挖哈哈腕力球',0,0),(854,'wFkYPbFHEO3VtosSDTpWIA==',29800,0,'挖哈哈腕力球',0,0),(855,'fTK8mI5f2Wt4ihogjGQjrA==',29800,0,'挖哈哈腕力球',0,0),(856,'XITkRRcP7rNuKrz3oc7e9w==',29800,0,'挖哈哈腕力球',0,0),(857,'pkD8q2xwO2G19BKlIFktkQ==',29800,0,'挖哈哈腕力球',0,0),(858,'ForaArG+K85E9Sf//7SnFQ==',29800,0,'挖哈哈腕力球',0,0),(859,'MFjkm85mUVymsv0K0vPS7Q==',29800,0,'挖哈哈腕力球',0,0),(860,'xVDpfmN/uqGRCmWJm4fHBw==',29800,0,'挖哈哈腕力球',0,0),(861,'T+PO/ClUG6EMHIFOh1ngYA==',29800,0,'挖哈哈腕力球',0,0),(862,'vfdP3DzNJxF7crVq+V9hdQ==',29800,0,'挖哈哈腕力球',0,0),(863,'ZVRvKXQne1LI4sKy3zrXOw==',29800,0,'挖哈哈腕力球',0,0),(864,'6fY5d03HBxhYWDh6IL1EwQ==',29800,0,'挖哈哈腕力球',0,0),(865,'OFGptSYv5E4IXby+eFtuZw==',29800,0,'挖哈哈腕力球',0,0),(866,'iJSkyPQf1Z0s1c6TqR4UUQ==',29800,0,'挖哈哈腕力球',0,0),(867,'pMlz5ohUXoP5hJdf/ayjqw==',29800,0,'挖哈哈腕力球',0,0),(868,'xRgeXYcpIG5XQJNUTgU9DA==',29800,0,'挖哈哈腕力球',0,0),(869,'qw3b6/71DnSZdAeMXvvyeQ==',29800,0,'挖哈哈腕力球',0,0),(870,'0eiRA66LBjV7HKmEEYG3Aw==',29800,0,'挖哈哈腕力球',0,0),(871,'59iZbRoMZzuYNoa9IIjENA==',29800,0,'挖哈哈腕力球',0,0),(872,'idS/OzDkU+C6OrGqq46zkA==',29800,0,'挖哈哈腕力球',0,0),(873,'vcIEcPQosKpZfJO56uA95w==',29800,0,'挖哈哈腕力球',0,0),(874,'PGM/sRIqMUY4jF85jL8xnQ==',29800,0,'挖哈哈腕力球',0,0),(875,'N1SSL4G75fxi5cdU9J5cAw==',29800,0,'挖哈哈腕力球',0,0),(876,'lceiS1LbPrePZPecDO6pIA==',29800,0,'挖哈哈腕力球',0,0),(877,'d/+mtreRkYGz4/HdOJ4I7g==',29800,0,'挖哈哈腕力球',0,0),(878,'8310mh7c0hZiETh5S1cQ+w==',29800,0,'挖哈哈腕力球',0,0),(879,'13Us3ylJTQH+uAaaQuOBPg==',29800,0,'挖哈哈腕力球',0,0),(880,'L75yEZjs57xEwqg1jOs+Og==',29800,0,'挖哈哈腕力球',0,0),(881,'5pB30mfTCxy7wAI6/zsk2w==',29800,0,'挖哈哈腕力球',0,0),(882,'yE+t6Kvqx+TY5UYp7A1NXA==',29800,0,'挖哈哈腕力球',0,0),(883,'NPy7UWrt9u+Xsqtcf7bIQQ==',29800,0,'挖哈哈腕力球',0,0),(884,'2zSNrDno5Ejf8fNRQDYdSA==',29800,0,'挖哈哈腕力球',0,0),(885,'2gHU2ONTDUc+d6UGahK70Q==',29800,0,'挖哈哈腕力球',0,0),(886,'ldiX3H0h6hTkpxtKhFpxHA==',29800,0,'挖哈哈腕力球',0,0),(887,'CVQftBW296C47LjMQTQD5g==',29800,0,'挖哈哈腕力球',0,0),(888,'YKdqauCTdG6bxy/SftTgVw==',29800,0,'挖哈哈腕力球',0,0),(889,'yDLx90wCBY0IxgkZe0z6tQ==',29800,0,'挖哈哈腕力球',0,0),(890,'ilON0e8EX7ZRZCX42fD0sg==',29800,0,'挖哈哈腕力球',0,0),(891,'LVj5ncEo+JQp/6V+cKSpwg==',29800,0,'挖哈哈腕力球',0,0),(892,'jorEqfZH9a8pBQOCplfAgA==',29800,0,'挖哈哈腕力球',0,0),(893,'8zUXVtUtEu0KaUM1iF6BrQ==',29800,0,'挖哈哈腕力球',0,0),(894,'zdTu1YEF2jbonP6PsiAfbA==',29800,0,'挖哈哈腕力球',0,0),(895,'x7N1oFxzVdB6ihLCke4R9A==',29800,0,'挖哈哈腕力球',0,0),(896,'6LSHwIcCP5xPS4uUAg4qpw==',29800,0,'挖哈哈腕力球',0,0),(897,'0lijkc9NovmBr6ieW9ePAA==',29800,0,'挖哈哈腕力球',0,0),(898,'vfrzNwgLt2z7YswkhR4KIw==',29800,0,'挖哈哈腕力球',0,0),(899,'j+NlBmfGllg5KhmHqi5QmA==',29800,0,'挖哈哈腕力球',0,0),(900,'0xgDPW6NuAQwiIEQZdizsA==',29800,0,'挖哈哈腕力球',0,0),(901,'JQV8xLtHL+ZQ45eSVjSyRQ==',29800,0,'挖哈哈腕力球',0,0),(902,'4REZME8XJDPugu4By/fNmA==',29800,0,'挖哈哈腕力球',0,0),(903,'eKmXEh6VbXfKkAXZ8wzNXA==',29800,0,'挖哈哈腕力球',0,0),(904,'/y3VN0/cXUiaziQHexjz5A==',29800,0,'挖哈哈腕力球',0,0),(905,'t/qeDJmR30gs7bzgprGBOA==',29800,0,'挖哈哈腕力球',0,0),(906,'RuFxlL+Y+XezBofYSxRLxg==',29800,0,'挖哈哈腕力球',0,0),(907,'mpvDxNZXUHT/Y+qzhsX8tg==',29800,0,'挖哈哈腕力球',0,0),(908,'svPyUDwS00UkdNxF/th1nA==',29800,0,'挖哈哈腕力球',0,0),(909,'dnXr4dXXcmzzwlC7OwmsIA==',29800,0,'挖哈哈腕力球',0,0),(910,'6lvQQLV2aQQK5hykP9GC/Q==',29800,0,'挖哈哈腕力球',0,0),(911,'FvJZ8Zfky1zg7un/hDJsDg==',29800,0,'挖哈哈腕力球',0,0),(912,'oMQnczKAKTtJOSNkYRu0ow==',29800,0,'挖哈哈腕力球',0,0),(913,'1kACNFxNUI+LdlaYRmmJxQ==',29800,0,'挖哈哈腕力球',0,0),(914,'3a+ciOHJc7TnHigpVtEhRA==',29800,0,'挖哈哈腕力球',0,0),(915,'/1rpykhFkP3NTe/4rLjQTg==',29800,0,'挖哈哈腕力球',0,0),(916,'FN0Z58rRV6LNGU4ClyYnrg==',29800,0,'挖哈哈腕力球',0,0),(917,'Gh/EJRa+6622XFFOUS+JNQ==',29800,0,'挖哈哈腕力球',0,0),(918,'dWazzjIkAAANvsb0c0tSWg==',29800,0,'挖哈哈腕力球',0,0),(919,'mwpZIMUj0JVZSe5Wl4zXWA==',29800,0,'挖哈哈腕力球',0,0),(920,'2KwP0LHthT+25xgKzeZWDA==',29800,0,'挖哈哈腕力球',0,0),(921,'ywH3TT/hF/kqGqLlTrf6DQ==',29800,0,'挖哈哈腕力球',0,0),(922,'7s+Uph4GLSLQnind1ZZujA==',29800,0,'挖哈哈腕力球',0,0),(923,'lpOSqn+TmyDDKRvuAP+jxw==',29800,0,'挖哈哈腕力球',0,0),(924,'BiQPPnG8jG42XXCqaskk5Q==',29800,0,'挖哈哈腕力球',0,0),(925,'IrOFkIOuhskC4A+CGb5CgA==',29800,0,'挖哈哈腕力球',0,0),(926,'FMSfDKZh01vJbuu7kDBG7Q==',29800,0,'挖哈哈腕力球',0,0),(927,'yI5Whr2ZpuVgGCeAWYgmyQ==',29800,0,'挖哈哈腕力球',0,0),(928,'HPHWgnKmd3MIF+tDubkNPw==',29800,0,'挖哈哈腕力球',0,0),(929,'kFO/Zfl4HgtTfE/bN3fcXA==',29800,0,'挖哈哈腕力球',0,0),(930,'ocI8+W3Aa8kaXyj3vVgbKA==',29800,0,'挖哈哈腕力球',0,0),(931,'xoCxco5o0Ze4qM40KamPHw==',29800,0,'挖哈哈腕力球',0,0),(932,'/pOFgCXMqPZRwaJPXaS3GQ==',29800,0,'挖哈哈腕力球',0,0),(933,'RmXVNjecXvIemPJJMMxosg==',29800,0,'挖哈哈腕力球',0,0),(934,'ttXeJ8sMH+vOq7zATBoF+w==',29800,0,'挖哈哈腕力球',0,0),(935,'fZFQwj/MVWk9KhE6G78AWw==',29800,0,'挖哈哈腕力球',0,0),(936,'7fgZJ6A76ckVWZ7hMeJ1ag==',29800,0,'挖哈哈腕力球',0,0),(937,'G+qdkMtoXRlc8+5GBh/q7w==',29800,0,'挖哈哈腕力球',0,0),(938,'Lx0q7wGROKhKC8w0esiENg==',29800,0,'挖哈哈腕力球',0,0),(939,'hVdWImBwxwZdPwapPVocVA==',29800,0,'挖哈哈腕力球',0,0),(940,'4X5+Q5O/YnlswrprPzJrwA==',29800,0,'挖哈哈腕力球',0,0),(941,'l36e92+Uy4jHZvf+jud7xA==',29800,0,'挖哈哈腕力球',0,0),(942,'xnh/c2EWnIdKcRUsKX/2uA==',29800,0,'挖哈哈腕力球',0,0),(943,'FDmUGZPuWNLFOwCA5eO5mQ==',29800,0,'挖哈哈腕力球',0,0),(944,'qR91SbtftvI+Z3VmIf2SMQ==',29800,0,'挖哈哈腕力球',0,0),(945,'Dx5Uq9JdHy9156DB3pSP/Q==',29800,0,'挖哈哈腕力球',0,0),(946,'ffqkrF+JZdkPNAD5Y8Zb7A==',29800,0,'挖哈哈腕力球',0,0),(947,'avTN4tyVrB7Ycq5dDGWgFQ==',29800,0,'挖哈哈腕力球',0,0),(948,'cj0Yxsaauy6WJ5zwhkFpqg==',29800,0,'挖哈哈腕力球',0,0),(949,'YuRkhGnbDBcJhqGgjjsKzw==',29800,0,'挖哈哈腕力球',0,0),(950,'INYXAIyds8UtUf14gozXWQ==',29800,0,'挖哈哈腕力球',0,0),(951,'ppzV5ys2mi/BA+bzP1fMxA==',29800,0,'挖哈哈腕力球',0,0),(952,'ajjsu//8SnjbmgE/Y6IS8Q==',29800,0,'挖哈哈腕力球',0,0),(953,'uyNySq3PF0eYMcAXYR1brw==',29800,0,'挖哈哈腕力球',0,0),(954,'iWWeY5M3LzXwh1EVXQJQ/w==',29800,0,'挖哈哈腕力球',0,0),(955,'FzxPcAaqNerHfDTakKBU3g==',29800,0,'挖哈哈腕力球',0,0),(956,'R3OjAvqI0E6CABdFLjD5Qw==',29800,0,'挖哈哈腕力球',0,0),(957,'DNt8BSyfH6mcY4ORiNt6DQ==',29800,0,'挖哈哈腕力球',0,0),(958,'cM7qwXTFY+B0tSu2QamqSw==',29800,0,'挖哈哈腕力球',0,0),(959,'DE2dnkeO5cqBzgdfdjwUIw==',29800,0,'挖哈哈腕力球',0,0),(960,'8LdAoUaqyoibh+N+YkDveQ==',29800,0,'挖哈哈腕力球',0,0),(961,'DwCLqf8IH8wNOhLePeBG5g==',29800,0,'挖哈哈腕力球',0,0),(962,'jkLqdvU6uXJ9Z+eq8nBoiQ==',29800,0,'挖哈哈腕力球',0,0),(963,'BumyiXWyjCTHLK/Lb4VKjA==',29800,0,'挖哈哈腕力球',0,0),(964,'6bN8I6eIYRe54/CQjEIbpg==',29800,0,'挖哈哈腕力球',0,0),(965,'tktX36jO/cyC6HYGlKG5dg==',29800,0,'挖哈哈腕力球',0,0),(966,'wa3zFC/HlbUYUf9YY71qXw==',29800,0,'挖哈哈腕力球',0,0),(967,'l0ZRzY8+LINEUFeVJIGGcw==',29800,0,'挖哈哈腕力球',0,0),(968,'Ldm2BUpgUBjMCgRzji5xFQ==',29800,0,'挖哈哈腕力球',0,0),(969,'6B8yQS1cpJMwtFcgQw4kxg==',29800,0,'挖哈哈腕力球',0,0),(970,'A27kyBY9tI92lIyE4ESD0g==',29800,0,'挖哈哈腕力球',0,0),(971,'cWZhgObrm4fthEHv+vWjKg==',29800,0,'挖哈哈腕力球',0,0),(972,'/sxPsBXSUrGhvPWsDiXxgw==',29800,0,'挖哈哈腕力球',0,0),(973,'vD4OHqGNm5hKLU+si5Dr2g==',29800,0,'挖哈哈腕力球',0,0),(974,'sZ5cqf/LwJj+r2vzMeHPAw==',29800,0,'挖哈哈腕力球',0,0),(975,'1mJ/MxV3gGi8XlB//l+O9w==',29800,0,'挖哈哈腕力球',0,0),(976,'pMDSPnA898knv6d7w9xmSA==',29800,0,'挖哈哈腕力球',0,0),(977,'oT5O9+SYayW46u6+iDb8LA==',29800,0,'挖哈哈腕力球',0,0),(978,'SI7aFgTwxU5i/1/+mz4Okw==',29800,0,'挖哈哈腕力球',0,0),(979,'gIeAkWuAGEzjvkmDp8RSew==',29800,0,'挖哈哈腕力球',0,0),(980,'DDzqAAyxup7dT1Qme92SAw==',29800,0,'挖哈哈腕力球',0,0),(981,'tN/lo6K0Dw8vzRoUtFN1oQ==',29800,0,'挖哈哈腕力球',0,0),(982,'DOpffSsvY2Qp4Zwh/Q9YRg==',29800,0,'挖哈哈腕力球',0,0),(983,'vZj5QXVloLKb3aEOMKZH5Q==',29800,0,'挖哈哈腕力球',0,0),(984,'VenJSLVGezTjAmR40M9oXg==',29800,0,'挖哈哈腕力球',0,0),(985,'DnNrsbK0xdWxLhb98kq0VA==',29800,0,'挖哈哈腕力球',0,0),(986,'tvcl3Ib5XAHOJDN5SWXOEQ==',29800,0,'挖哈哈腕力球',0,0),(987,'gCgBt0Oq0Ll6NeuBF070GQ==',29800,0,'挖哈哈腕力球',0,0),(988,'01YBdWNytV3xjNSB4TqmCg==',29800,0,'挖哈哈腕力球',0,0),(989,'RwuCTZlrbDGZr+ZAFWNUoQ==',29800,0,'挖哈哈腕力球',0,0),(990,'YGhnc45z0gZdKpb2c2WKtg==',29800,0,'挖哈哈腕力球',0,0),(991,'K7k3YDM8EknqJ4J2xv8ZLg==',29800,0,'挖哈哈腕力球',0,0),(992,'YisrhiDZUkMTtWgSutAJYg==',29800,0,'挖哈哈腕力球',0,0),(993,'cK011QBE5eQLJEbnGA4jzA==',29800,0,'挖哈哈腕力球',0,0),(994,'fHjO1DbUxvSIa1/u1zT1NQ==',29800,0,'挖哈哈腕力球',0,0),(995,'uGSMYOYNOqtdcH4vkCv+Yw==',29800,0,'挖哈哈腕力球',0,0),(996,'/+43K6fNpLQQT0Xu7gIwWw==',29800,0,'挖哈哈腕力球',0,0),(997,'Cq8g88ZvQOQulRCYAoaY9Q==',29800,0,'挖哈哈腕力球',0,0),(998,'q0yFb6xPJQ6LfWLSbxKJ/w==',29800,0,'挖哈哈腕力球',0,0),(999,'C2RGRg7ocyENo1bA4mgbCA==',29800,0,'挖哈哈腕力球',0,0),(1000,'cEop6R0ZjUA6IabNO5Z0Fg==',29800,0,'挖哈哈腕力球',0,0),(1001,'eqH75AVK9VnozlLka8firg==',29800,0,'挖哈哈腕力球',0,0),(1002,'cP0LbkkLIVAlpoE7hxmadg==',29800,0,'挖哈哈腕力球',0,0),(1003,'/35VDjVjfRGZREQI0/v1sw==',29800,0,'挖哈哈腕力球',0,0),(1004,'QyeaLYd7yLPGPNAMIu2Xkw==',29800,0,'挖哈哈腕力球',0,0),(1005,'jNc2aCEmn3Q4ovOUeNDHOw==',29800,0,'挖哈哈腕力球',0,0),(1006,'b7GVvA2hjMGuqGPsM3WTVg==',29800,0,'挖哈哈腕力球',0,0),(1007,'q6ITyTOIuHn0L+AfXitJlg==',29800,0,'挖哈哈腕力球',0,0),(1008,'otyFBtQMpnJA9206cfhIRQ==',29800,0,'挖哈哈腕力球',0,0),(1009,'A/h8eOPvXcmvaT9zdZjdxA==',29800,0,'挖哈哈腕力球',0,0),(1010,'hk6wASGUAXZ3yvkArB1FmA==',29800,0,'挖哈哈腕力球',0,0),(1011,'QeWx21InqfooseBdhbE4DQ==',29800,0,'挖哈哈腕力球',0,0),(1012,'y9j9+5uw8R10LTNJkFfaFg==',29800,0,'挖哈哈腕力球',0,0),(1013,'rvHONnjamVcjJyObRcybwA==',29800,0,'挖哈哈腕力球',0,0),(1014,'uAadS0s0hoTMTVL4h1lSlw==',29800,0,'挖哈哈腕力球',0,0),(1015,'2Wn3d2YC5XrhJBI5Xy0h+Q==',29800,0,'挖哈哈腕力球',0,0),(1016,'LcUu71j9mYXQSHrXhQ+PPA==',29800,0,'挖哈哈腕力球',0,0),(1017,'jeprmNAkpOPOOTipz5A7OA==',29800,0,'挖哈哈腕力球',0,0),(1018,'KClt1+roGbbzM9jR5HwuUw==',29800,0,'挖哈哈腕力球',0,0),(1019,'2OqzJUiXXkT0iQ1sXwBI8g==',29800,0,'挖哈哈腕力球',0,0),(1020,'dqHzSXa5ynJ9lAoDnfjwLg==',29800,0,'挖哈哈腕力球',0,0),(1021,'GzkShLoM8HvsCqP3xSrJcw==',29800,0,'挖哈哈腕力球',0,0),(1022,'631CXbBxerasqeea+WcjVA==',29800,0,'挖哈哈腕力球',0,0),(1023,'GiEveXyypNEG1bfjMdT4Cw==',29800,0,'挖哈哈腕力球',0,0),(1024,'csaOLOiP6D1y+uckpqzSSw==',29800,0,'挖哈哈腕力球',0,0),(1025,'SiD0TM0TLaSOpXht0DCM5w==',29800,0,'挖哈哈腕力球',0,0),(1026,'Q2Aa8Ja8Vap1a4tALAuS+w==',29800,0,'挖哈哈腕力球',0,0),(1027,'JuII5QIRCGV7WIT4hrZNQA==',29800,0,'挖哈哈腕力球',0,0),(1028,'iU9+fEdqm5oUf9xogHz/7A==',29800,0,'挖哈哈腕力球',0,0),(1029,'7XPniikFf3DDE1GwgxJTMQ==',29800,0,'挖哈哈腕力球',0,0),(1030,'VEQ8linY4OPhGAbVkadMUw==',29800,0,'挖哈哈腕力球',0,0),(1031,'AazechjuJAC39Jf6e/uRww==',29800,0,'挖哈哈腕力球',0,0),(1032,'c42yQbytRObkxtxjXOSlsQ==',29800,0,'挖哈哈腕力球',0,0),(1033,'8/zcoHKVnYt48mv4R9567Q==',29800,0,'挖哈哈腕力球',0,0),(1034,'yuLja4g7+/T7E39GegXsIg==',29800,0,'挖哈哈腕力球',0,0),(1035,'5MLUd2HrqnY0n+5y47BxPQ==',29800,0,'挖哈哈腕力球',0,0),(1036,'yxTOVl/E7neMqgHK6NPUSA==',29800,0,'挖哈哈腕力球',0,0),(1037,'vnfcaAX62BP8ZSdcQkcYzQ==',29800,0,'挖哈哈腕力球',0,0),(1038,'WC0Qxx5MJGhrBZswPAEArw==',29800,0,'挖哈哈腕力球',0,0),(1039,'vNwhhRwrTi9dcVBtyzO9HA==',29800,0,'挖哈哈腕力球',0,0),(1040,'zk+XkkS/M2ZLxoUVwHOCww==',29800,0,'挖哈哈腕力球',0,0),(1041,'KWoUIgbTbHCCL+eF0Ze2Yg==',29800,0,'挖哈哈腕力球',0,0),(1042,'bKjjDpElN1PvfF5ps+MDpw==',29800,0,'挖哈哈腕力球',0,0),(1043,'f/GfpuUGmBjD6XX02MJ5kg==',29800,0,'挖哈哈腕力球',0,0),(1044,'KBKh8j6c/4fkcp4SBmRV1A==',29800,0,'挖哈哈腕力球',0,0),(1045,'B0syoEY8VikBhNYXXudHGQ==',29800,0,'挖哈哈腕力球',0,0),(1046,'zOtZPv/rppxZnJlx9eywfg==',29800,0,'挖哈哈腕力球',0,0),(1047,'R/4KjaJ0JxKn0jnVC8GG1w==',29800,0,'挖哈哈腕力球',0,0),(1048,'0fUpkKO/h+eOM8ZvM30X3A==',29800,0,'挖哈哈腕力球',0,0),(1049,'hTRusdgr3k57JLp0RUwgyg==',29800,0,'挖哈哈腕力球',0,0),(1050,'yq8Ub6YGgPCnBNZAcxjkYw==',29800,0,'挖哈哈腕力球',0,0),(1051,'tiYFSOCNq7FpnNqfzWwSOA==',29800,0,'挖哈哈腕力球',0,0),(1052,'5f4zaDqaRX5DG07o/DEjVg==',29800,0,'挖哈哈腕力球',0,0),(1053,'pUtSsfZiv8S7aSE2gg6bIg==',29800,0,'挖哈哈腕力球',0,0),(1054,'zuJGMUuNUnh6IdGgm86HQQ==',29800,0,'挖哈哈腕力球',0,0),(1055,'yGSBIXYV0WVMtmXQKeVieA==',29800,0,'挖哈哈腕力球',0,0),(1056,'hwA+Q4F+F1+DT4ZYy7oSOA==',29800,0,'挖哈哈腕力球',0,0),(1057,'+slAB+A8v6ie+pDwuyDFuw==',29800,0,'挖哈哈腕力球',0,0),(1058,'IREWt9jBOiluwG3OXO/g/g==',29800,0,'挖哈哈腕力球',0,0),(1059,'QIxQsNCZHeHq6H3WlB/UTA==',29800,0,'挖哈哈腕力球',0,0),(1060,'QmUCKvb9b2R1qvvrBobiQg==',29800,0,'挖哈哈腕力球',0,0),(1061,'+79JVzTMqD2rU0zqKrzdaw==',29800,0,'挖哈哈腕力球',0,0),(1062,'1V5915xeOqBVxeCRojujgw==',29800,0,'挖哈哈腕力球',0,0),(1063,'5OW7MwBjx4DhssT3FwiYtg==',29800,0,'挖哈哈腕力球',0,0),(1064,'oTuPG4LuY9ClgR+d3dahkg==',29800,0,'挖哈哈腕力球',0,0),(1065,'Vs1qDc3UnSKs6fbjTqsRzQ==',29800,0,'挖哈哈腕力球',0,0),(1066,'c++9n7/BbaLO67xk6UVT3A==',29800,0,'挖哈哈腕力球',0,0),(1067,'Eq9GDV+p+KrplysI8AhUdg==',29800,0,'挖哈哈腕力球',0,0),(1068,'D+DCY9meUPFaEex93dTVzA==',29800,0,'挖哈哈腕力球',0,0),(1069,'MwXd5MDnDbO0fRq3V+nk4g==',29800,0,'挖哈哈腕力球',0,0),(1070,'Wx8KIl4Q6JOmHtwb59E8sw==',29800,0,'挖哈哈腕力球',0,0),(1071,'EKW7rDvK58mgFQiKi1CV3A==',29800,0,'挖哈哈腕力球',0,0),(1072,'PiZk9+qrSOyv5YhdXZix4w==',29800,0,'挖哈哈腕力球',0,0),(1073,'DrLQltoUjyQV9wjW1sPAIw==',29800,0,'挖哈哈腕力球',0,0),(1074,'IGXOA3NgflTTaVUtw+Z6tw==',29800,0,'挖哈哈腕力球',0,0),(1075,'8RJJR7adxrd7wa7dDcG5bg==',29800,0,'挖哈哈腕力球',0,0),(1076,'1MEiRy1pVBKhMTJIpq9Zcg==',29800,0,'挖哈哈腕力球',0,0),(1077,'RWDf+N16Y9jnwdxFlSjLKQ==',29800,0,'挖哈哈腕力球',0,0),(1078,'PQOh56hN7eecKTBS7wfQqw==',29800,0,'挖哈哈腕力球',0,0),(1079,'B1gRPkYWbkKcPPtrWJnL+w==',29800,0,'挖哈哈腕力球',0,0),(1080,'/cVX8RAsjEEfNIW1VmQ7Vw==',29800,0,'挖哈哈腕力球',0,0),(1081,'KOAuHWyg94ZFx84ccT6wdw==',29800,0,'挖哈哈腕力球',0,0),(1082,'PCIEo09GUEAULHucS7x3Nw==',29800,0,'挖哈哈腕力球',0,0),(1083,'cpcP/uzzgtQdp4UP0dyzFg==',29800,0,'挖哈哈腕力球',0,0),(1084,'RNsap+TaQh3baf5TxKm3LQ==',29800,0,'挖哈哈腕力球',0,0),(1085,'+mOTHvLjb8lMaukakapOuw==',29800,0,'挖哈哈腕力球',0,0),(1086,'LG70fT0G3LeqM6FZjXSENw==',29800,0,'挖哈哈腕力球',0,0),(1087,'O7bAEgNJGXbOG4NYfXRbUw==',29800,0,'挖哈哈腕力球',0,0),(1088,'qqhbUBsDc69UkD4xicQLxw==',29800,0,'挖哈哈腕力球',0,0),(1089,'ehwzhXN5sqDBDMo63ZQFkg==',29800,0,'挖哈哈腕力球',0,0),(1090,'rFC+SvlxTLQB185Gkc/fng==',29800,0,'挖哈哈腕力球',0,0),(1091,'6+btbvhzIRTDCm7EDrFKQw==',29800,0,'挖哈哈腕力球',0,0),(1092,'7YzGEVym4+gkDtuZOwNd3A==',29800,0,'挖哈哈腕力球',0,0),(1093,'uKctSBorvYa9O2i2eo+l1w==',29800,0,'挖哈哈腕力球',0,0),(1094,'voWYIIlT0w1+SCPF+nZhBQ==',29800,0,'挖哈哈腕力球',0,0),(1095,'31kn80tPfHzKD1XCjout2g==',29800,0,'挖哈哈腕力球',0,0),(1096,'6LP0jlIFGPtvKtIcChUnjQ==',29800,0,'挖哈哈腕力球',0,0),(1097,'acRKINUCvaauaZCo+habMw==',29800,0,'挖哈哈腕力球',0,0),(1098,'KwQNrdXc9oNkdDwtd510lw==',29800,0,'挖哈哈腕力球',0,0),(1099,'tQqzVXpYsuCfJwE6Y2+6dQ==',29800,0,'挖哈哈腕力球',0,0),(1100,'Uxg8aU9JsXrQpQbLUYppww==',29800,0,'挖哈哈腕力球',0,0),(1101,'P9kXj2/9Jgdi0N+IjM0E8A==',29800,0,'挖哈哈腕力球',0,0),(1102,'+W+8dA2pxGtY2xA4sikC2Q==',29800,0,'挖哈哈腕力球',0,0),(1103,'+/7utI8JnyH0cwqkmT4nPQ==',29800,0,'挖哈哈腕力球',0,0),(1104,'Sz9xmENKySFAm60REoLZ+Q==',29800,0,'挖哈哈腕力球',0,0),(1105,'Mvyg1qaixGk8wHJoUFXz4A==',29800,0,'挖哈哈腕力球',0,0),(1106,'qeo2z0txKLXESs+pRbTGRQ==',29800,0,'挖哈哈腕力球',0,0),(1107,'9UV+uxSAqpFjS8dw6am1vw==',29800,0,'挖哈哈腕力球',0,0),(1108,'wi5ACqoJtzIdD04G4rEkTA==',29800,0,'挖哈哈腕力球',0,0),(1109,'Qko09GtSuh7x5t0X2GyvAg==',29800,0,'挖哈哈腕力球',0,0),(1110,'soi7YKYaZmE8gfQM0Iuz4w==',29800,0,'挖哈哈腕力球',0,0),(1111,'DKathg9rWagdhbDrgZs2OA==',29800,0,'挖哈哈腕力球',0,0),(1112,'yoBPBQfp3+nhNNqXLuboHA==',29800,0,'挖哈哈腕力球',0,0),(1113,'z4j4pyRkv4sq8KwDhfBxdw==',29800,0,'挖哈哈腕力球',0,0),(1114,'A6in27AGTdbZhI1Z6snTvA==',29800,0,'挖哈哈腕力球',0,0),(1115,'qBACBncmAeWpQ+7/UKf7OQ==',29800,0,'挖哈哈腕力球',0,0),(1116,'kCRssSJL4w07wplZc/zEgg==',29800,0,'挖哈哈腕力球',0,0),(1117,'35MDpJB56/lOZ7u+OO35dA==',29800,0,'挖哈哈腕力球',0,0),(1118,'8fIpASuxUQWrgbNtsOjUpw==',29800,0,'挖哈哈腕力球',0,0),(1119,'QCHYugCGFCuXpFSF4ykuhw==',29800,0,'挖哈哈腕力球',0,0),(1120,'S1NePN37iOW/hY9OtE4P+g==',29800,0,'挖哈哈腕力球',0,0),(1121,'uMrHOSTfnc5XhxKTC6Q59Q==',29800,0,'挖哈哈腕力球',0,0),(1122,'IuoXjdDMUeaKUwvDgJfICw==',29800,0,'挖哈哈腕力球',0,0),(1123,'5toj4dbojqPgTJ3Q5YjhGg==',29800,0,'挖哈哈腕力球',0,0),(1124,'och+smPKmrLY8PxkDD2kaQ==',29800,0,'挖哈哈腕力球',0,0),(1125,'lAjcHVUzQ71VYu46n9NUjg==',29800,0,'挖哈哈腕力球',0,0),(1126,'PlVZBxU79Uvx2AxcYFoI1g==',29800,0,'挖哈哈腕力球',0,0),(1127,'+k9PTv9MEFf39HFWi0nXWA==',29800,0,'挖哈哈腕力球',0,0),(1128,'weM7QlpeCtLVlNEoEyhbgA==',29800,0,'挖哈哈腕力球',0,0),(1129,'INA6Db1NkGXgyHtZ0aGVww==',29800,0,'挖哈哈腕力球',0,0),(1130,'vITAq3UW8gmgFzN3T+6Ejw==',29800,0,'挖哈哈腕力球',0,0),(1131,'qXhZCnyGgNRHMClsNeIzkg==',29800,0,'挖哈哈腕力球',0,0),(1132,'AbEhc+NNwJBJg8NwKnhfTA==',29800,0,'挖哈哈腕力球',0,0),(1133,'YmPz45ttfXPtAeo+GiR37A==',29800,0,'挖哈哈腕力球',0,0),(1134,'fiIMULsWDS1cd9aP+8Nw4A==',29800,0,'挖哈哈腕力球',0,0),(1135,'TvugLpswBOIrTvNGSwQuBA==',29800,0,'挖哈哈腕力球',0,0),(1136,'VKi9tbKtdJwJPqLWSzJtSQ==',29800,0,'挖哈哈腕力球',0,0),(1137,'rSwUJLct7soQVfywS+ZnYg==',29800,0,'挖哈哈腕力球',0,0),(1138,'a91VSYkYG5bGC56Zg5rb9w==',29800,0,'挖哈哈腕力球',0,0),(1139,'p1Cqt+mbSMclhVH8MWpFfQ==',29800,0,'挖哈哈腕力球',0,0),(1140,'fI4qmbYjECjvgFJYMvKgVg==',29800,0,'挖哈哈腕力球',0,0),(1141,'yL7UXoDr1WYdxYGWzcsdJg==',29800,0,'挖哈哈腕力球',0,0),(1142,'0Ko/3tbXXFT3aq28uO1qeQ==',29800,0,'挖哈哈腕力球',0,0),(1143,'GExNbF8rl/lsWgPovCxEdQ==',29800,0,'挖哈哈腕力球',0,0),(1144,'0nsgzJoF70HMLgPCr6Qj2A==',29800,0,'挖哈哈腕力球',0,0),(1145,'DsWBEdiUdGm8OgEPUH6hrw==',29800,0,'挖哈哈腕力球',0,0),(1146,'lvgK3ubykXtYY4ra9bc4yA==',29800,0,'挖哈哈腕力球',0,0),(1147,'BYwOsBhujGLQBYpF7+5ILg==',29800,0,'挖哈哈腕力球',0,0),(1148,'9xEg4D2JO6BYDJDVVCQKwA==',29800,0,'挖哈哈腕力球',0,0),(1149,'hQSDJX+Fxsuvx6D9efQnMw==',29800,0,'挖哈哈腕力球',0,0),(1150,'CFdvgOcwb3g0R7PbPnjiSg==',29800,0,'挖哈哈腕力球',0,0),(1151,'HMsNC5OZunmjNyOB4nQk5A==',29800,0,'挖哈哈腕力球',0,0),(1152,'XsqC2BxHmbdTFaUzApLM9g==',29800,0,'挖哈哈腕力球',0,0),(1153,'C+7AfXpay+1LG35Bo3pUag==',29800,0,'挖哈哈腕力球',0,0),(1154,'6RyCnZvvtBpsT59U0XrUQg==',29800,0,'挖哈哈腕力球',0,0),(1155,'pE9EWXCtd9ja03QG/20dRQ==',29800,0,'挖哈哈腕力球',0,0),(1156,'IQyMygG/Gbwe54AINr2VbA==',29800,0,'挖哈哈腕力球',0,0),(1157,'Y/Gt/cpg4450KinR4JKkvw==',29800,0,'挖哈哈腕力球',0,0),(1158,'J4VImrWcsFhGTR4LJWgoiQ==',29800,0,'挖哈哈腕力球',0,0),(1159,'m6vkyIdqNmKzSI/u/syvlw==',29800,0,'挖哈哈腕力球',0,0),(1160,'TsukPHuB+oKvNXTJhff1rA==',29800,0,'挖哈哈腕力球',0,0),(1161,'S3vFpeGvfz36/u1EQF7qCw==',29800,0,'挖哈哈腕力球',0,0),(1162,'p0pqs0OfWBTg1987Ukc9xw==',29800,0,'挖哈哈腕力球',0,0),(1163,'P64/XjVUe837xh4BStlJPQ==',29800,0,'挖哈哈腕力球',0,0),(1164,'OxW0VAfuU8YhHTUl/CyEbg==',29800,0,'挖哈哈腕力球',0,0),(1165,'5HB5qwOfUGNoq2ru9BPpkw==',29800,0,'挖哈哈腕力球',0,0),(1166,'1jzUJ0bsvdNQ57CnGjyiSw==',29800,0,'挖哈哈腕力球',0,0),(1167,'sxa9nWBz/kD9CgpJ+Lreeg==',29800,0,'挖哈哈腕力球',0,0),(1168,'+qzd5FoaQDOdTlG6TA/9Fg==',29800,0,'挖哈哈腕力球',0,0),(1169,'k1qEn+ku0/hMejY17hQ3kA==',29800,0,'挖哈哈腕力球',0,0),(1170,'ctWWyozgjeRJSj6L7lXV0A==',29800,0,'挖哈哈腕力球',0,0),(1171,'brdA68Z5umaahGbrUo9jNQ==',29800,0,'挖哈哈腕力球',0,0),(1172,'L37OeO+Biq0GjW/Ev+keEQ==',29800,0,'挖哈哈腕力球',0,0),(1173,'ZrRD2NigO9z+hwR30BAYxA==',29800,0,'挖哈哈腕力球',0,0),(1174,'PRFSmNm/Q2nVHCCfvXRUJw==',29800,0,'挖哈哈腕力球',0,0),(1175,'QyJfw1Q+SWA3lNG5v3vq1A==',29800,0,'挖哈哈腕力球',0,0),(1176,'aDy2ak/haeDAmKMm2ZdsPg==',29800,0,'挖哈哈腕力球',0,0),(1177,'XOxdF8Hq3qo5GWlB0q7eZQ==',29800,0,'挖哈哈腕力球',0,0),(1178,'hwQY2wHccD7+WFusnC5BWQ==',29800,0,'挖哈哈腕力球',0,0),(1179,'z04b0H50j6ELBSUt0xvHYA==',29800,0,'挖哈哈腕力球',0,0),(1180,'uqVfe1qT9MVmXcmsl8pu4Q==',29800,0,'挖哈哈腕力球',0,0),(1181,'pAjxDvfdDR4Cc/0Gc3ZJ8g==',29800,0,'挖哈哈腕力球',0,0),(1182,'AnGyP0qudA3Uv1ZNMbByVw==',29800,0,'挖哈哈腕力球',0,0),(1183,'zkKDYnFUGoFycHTtwe/WLA==',29800,0,'挖哈哈腕力球',0,0),(1184,'rJ76lz+y576CN7QEFW4AZg==',29800,0,'挖哈哈腕力球',0,0),(1185,'vACS+ANB2139YFKuVX4W3A==',29800,0,'挖哈哈腕力球',0,0),(1186,'LsST8OGoESjdg0pO3cM75A==',29800,0,'挖哈哈腕力球',0,0),(1187,'kL4BCrEk/3fnJY9m10d/vA==',29800,0,'挖哈哈腕力球',0,0),(1188,'ZG34vE6Gh0ctaWf2uuOLmw==',29800,0,'挖哈哈腕力球',0,0),(1189,'DM3lmPMycK1oAlbccM5mTA==',29800,0,'挖哈哈腕力球',0,0),(1190,'66TQLzohY+tIWagEgI+gdg==',29800,0,'挖哈哈腕力球',0,0),(1191,'lqGBVGnS8A79oREEqre/8Q==',29800,0,'挖哈哈腕力球',0,0),(1192,'xFt1Tqnv9jl4FGD+tm1YHA==',29800,0,'挖哈哈腕力球',0,0),(1193,'XEHfGTZ5MoX6WiE1uBIGaw==',29800,0,'挖哈哈腕力球',0,0),(1194,'+LYPjize896y6ibfClvSpw==',29800,0,'挖哈哈腕力球',0,0),(1195,'OZPwJqpabGyaXLX+3McVsg==',29800,0,'挖哈哈腕力球',0,0),(1196,'FWsVo9SPIh3FUi1wwz2ocg==',29800,0,'挖哈哈腕力球',0,0),(1197,'wiGTOW6Lw6Tr7vEZDtDQKQ==',29800,0,'挖哈哈腕力球',0,0),(1198,'J0oJXhh88qd+J1iqnQg/pg==',29800,0,'挖哈哈腕力球',0,0),(1199,'gbH9UeavChueSjHzKSO93g==',29800,0,'挖哈哈腕力球',0,0),(1200,'wtHnavA0bz7ipstnIPz+Dg==',29800,0,'挖哈哈腕力球',0,0),(1201,'SxKZzp+9qN24KeKtnxvohA==',29800,0,'挖哈哈腕力球',0,0),(1202,'kWQkAz+nflbTnb5jzTAQAA==',29800,0,'挖哈哈腕力球',0,0),(1203,'Sl8ED9nxGUEUuk9VsDu+Dw==',29800,0,'挖哈哈腕力球',0,0),(1204,'mvsV8OnXVpGes7EqnE+M8g==',29800,0,'挖哈哈腕力球',0,0),(1205,'8qRd12h9UGjZxDyDxURGAw==',29800,0,'挖哈哈腕力球',0,0),(1206,'hjsldsWb2CM8eH2NgDWYTQ==',29800,0,'挖哈哈腕力球',0,0),(1207,'zuCXOrGuLr2YqcCvYVY+Fg==',29800,0,'挖哈哈腕力球',0,0),(1208,'6BYVEVm6KPgsQ68bUMIOpA==',29800,0,'挖哈哈腕力球',0,0),(1209,'U+HpYJHt6PMJdhsoGAYQEA==',29800,0,'挖哈哈腕力球',0,0),(1210,'ckCQY8Vtz5MY+g1KdWYrAw==',29800,0,'挖哈哈腕力球',0,0),(1211,'865qIkI9JmUeuWo7nwYW2A==',29800,0,'挖哈哈腕力球',0,0),(1212,'yuerxpjz2l+H19s6kGzMgA==',29800,0,'挖哈哈腕力球',0,0),(1213,'FM/ydi4HVKtTRVZxdTJutA==',29800,0,'挖哈哈腕力球',0,0),(1214,'tMEja5/sC5cC+9lSPbuYOA==',29800,0,'挖哈哈腕力球',0,0),(1215,'3W7e9gxySd/nvAN4LgyTnA==',29800,0,'挖哈哈腕力球',0,0),(1216,'qYrvCGD0Occ5Hpzhg7okog==',29800,0,'挖哈哈腕力球',0,0),(1217,'g418aCUd6m8xeVZCraMqQw==',29800,0,'挖哈哈腕力球',0,0),(1218,'uik6QEzIup/E3G1FAxHhlg==',29800,0,'挖哈哈腕力球',0,0),(1219,'lsy8pzQ1uHKW+QbMC6Ekrg==',29800,0,'挖哈哈腕力球',0,0),(1220,'HJhPrFsGdHz/C+dvs+vq4g==',29800,0,'挖哈哈腕力球',0,0),(1221,'iens/DkN4kVZVIdYFlWqPg==',29800,0,'挖哈哈腕力球',0,0),(1222,'uAyNJEVIrr1UK1y98xYBKA==',29800,0,'挖哈哈腕力球',0,0),(1223,'UrABKBpit32w+bMcxmBEOQ==',29800,0,'挖哈哈腕力球',0,0),(1224,'kW3C60hbp0QaSTU7hYLqtw==',29800,0,'挖哈哈腕力球',0,0),(1225,'3cQkgptCB4nNFbdCrTHTdg==',29800,0,'挖哈哈腕力球',0,0),(1226,'85wDrmljg94KQEM/xeSgMw==',29800,0,'挖哈哈腕力球',0,0),(1227,'lbM0y5QioGXHpdy1BI6fhg==',29800,0,'挖哈哈腕力球',0,0),(1228,'LtruKb91NBOi7SLOrX0/2w==',29800,0,'挖哈哈腕力球',0,0),(1229,'c00HAX0aXzF5zA2AvUg93w==',29800,0,'挖哈哈腕力球',0,0),(1230,'cjndVZKUDCIrjCkVCJ2Q6g==',29800,0,'挖哈哈腕力球',0,0),(1231,'KECxEN/jOf2bgdVjWxinIQ==',29800,0,'挖哈哈腕力球',0,0),(1232,'EpQqI4bl0PlSHKEG42NErw==',29800,0,'挖哈哈腕力球',0,0),(1233,'+pSTiuo5kslJkEGLIjfT6A==',29800,0,'挖哈哈腕力球',0,0),(1234,'O4e8hqIVteJf4I8uTGmTyw==',29800,0,'挖哈哈腕力球',0,0),(1235,'gzaK/V6O4rRHO3oXx4g8Rw==',29800,0,'挖哈哈腕力球',0,0),(1236,'k1jBF0Fw7HlASA0BeD02yA==',29800,0,'挖哈哈腕力球',0,0),(1237,'Z693x4azg8Bz2Wljty3N1w==',29800,0,'挖哈哈腕力球',0,0),(1238,'RwuBES61ZKxRLNk5R+WezA==',29800,0,'挖哈哈腕力球',0,0),(1239,'ENg6Y1dhV5AqdV/wvme/aw==',29800,0,'挖哈哈腕力球',0,0),(1240,'z7xVh6FY4qI+wLdhppqgSw==',29800,0,'挖哈哈腕力球',0,0),(1241,'fUp2CxNdbADyPbBxmoDseg==',29800,0,'挖哈哈腕力球',0,0),(1242,'SySQYc/NRICBD5UVUxk2PQ==',29800,0,'挖哈哈腕力球',0,0),(1243,'9qamepOk88aRw+aQHS/liA==',29800,0,'挖哈哈腕力球',0,0),(1244,'QVHd1uduQuHMAQGtst+ZoQ==',29800,0,'挖哈哈腕力球',0,0),(1245,'YYLzDVlFaYJYp3Sfh+0eWw==',29800,0,'挖哈哈腕力球',0,0),(1246,'Inm6hUQW8qi9HBCqSwTlGQ==',29800,0,'挖哈哈腕力球',0,0),(1247,'AUE8A4xNo1zbXiDkorT/Pg==',29800,0,'挖哈哈腕力球',0,0),(1248,'XiW2TN+iUxOtcRsVVQa9Hw==',29800,0,'挖哈哈腕力球',0,0),(1249,'HS4rKO2vaF9E1gPfMosECQ==',29800,0,'挖哈哈腕力球',0,0),(1250,'PmCUI2AetnSVDr3YGESLfw==',29800,0,'挖哈哈腕力球',0,0),(1251,'kkA9Po68jZOu2kr7+R4EuA==',29800,0,'挖哈哈腕力球',0,0),(1252,'Uik1/k/YcKAbGwC8dnZWYQ==',29800,0,'挖哈哈腕力球',0,0),(1253,'0tCcrMjkEr+u3Pp50KYF4Q==',29800,0,'挖哈哈腕力球',0,0),(1254,'u39wCS7NuUVb9hoJ0I+DZQ==',29800,0,'挖哈哈腕力球',0,0),(1255,'8Oq7Bz2Ll7P5CW981sd6+Q==',29800,0,'挖哈哈腕力球',0,0),(1256,'weiikW2BOeSBzmIf2UQYQQ==',29800,0,'挖哈哈腕力球',0,0),(1257,'P76W7htOSiYl9OHRzEix6Q==',29800,0,'挖哈哈腕力球',0,0),(1258,'it4JCIxsEFSyMpdSvEwzdQ==',29800,0,'挖哈哈腕力球',0,0),(1259,'PnZTQ8AjDuX7HXpzZuxe9g==',29800,0,'挖哈哈腕力球',0,0),(1260,'phkL84+Wi/pOUydpZhhGAQ==',29800,0,'挖哈哈腕力球',0,0),(1261,'6QFTiqAylazwnqxeEJN8Rw==',29800,0,'挖哈哈腕力球',0,0),(1262,'KR+7EtLLhzUtfkb69GSimA==',29800,0,'挖哈哈腕力球',0,0),(1263,'4M3m5NFX4cH0Y9nau8y2lA==',29800,0,'挖哈哈腕力球',0,0),(1264,'wdL/6Pg5XkcNlmUGSevjOQ==',29800,0,'挖哈哈腕力球',0,0),(1265,'MttkW6uT8t92h3gbNqQS4w==',29800,0,'挖哈哈腕力球',0,0),(1266,'VZg2ehSnlUMV1E70QWfjFg==',29800,0,'挖哈哈腕力球',0,0),(1267,'c84p3vTHHer4pvBRIB/p3g==',29800,0,'挖哈哈腕力球',0,0),(1268,'r11nOgmspS9METKziG070Q==',29800,0,'挖哈哈腕力球',0,0),(1269,'8BqqfDlcvtGAt2AXQfRAPA==',29800,0,'挖哈哈腕力球',0,0),(1270,'85LZ5mfS0v+r6v9N3txSsw==',29800,0,'挖哈哈腕力球',0,0),(1271,'+SplWht823QLHKCLDJkLGw==',29800,0,'挖哈哈腕力球',0,0),(1272,'n5UXOh6Fstyh29DmM7/wfw==',29800,0,'挖哈哈腕力球',0,0),(1273,'uCa51pwii/f73GL6hHT2iQ==',29800,0,'挖哈哈腕力球',0,0),(1274,'HlTFxW7PieR3ta+jHifEtA==',29800,0,'挖哈哈腕力球',0,0),(1275,'b0dAS3MVMSS+VzeOm7KGSw==',29800,0,'挖哈哈腕力球',0,0),(1276,'l8PhmP0xCsKj2x99INYt/A==',29800,0,'挖哈哈腕力球',0,0),(1277,'juwTDHR72vQYR+3q/+Smdg==',29800,0,'挖哈哈腕力球',0,0),(1278,'lOJ3Oadmw6IO29dXJVjxvA==',29800,0,'挖哈哈腕力球',0,0),(1279,'27qRKfqE5cqIPsEDBh8k7g==',29800,0,'挖哈哈腕力球',0,0),(1280,'9LlOVZgkWKV1JFtImVxomA==',29800,0,'挖哈哈腕力球',0,0),(1281,'pL7/HwwNNRxePIrLbDj+PQ==',29800,0,'挖哈哈腕力球',0,0),(1282,'7bazC9szY5roWZfwax4u8A==',29800,0,'挖哈哈腕力球',0,0),(1283,'XuRZCRxmhSLlTqxA/KDcfA==',29800,0,'挖哈哈腕力球',0,0),(1284,'REMDEWjfHAXYCJqz7ViUXA==',29800,0,'挖哈哈腕力球',0,0),(1285,'ePGoc3lxzbXR+Qebg1b2KA==',29800,0,'挖哈哈腕力球',0,0),(1286,'Dt0UoQbNQqCgC4+oi+ADvA==',29800,0,'挖哈哈腕力球',0,0),(1287,'7zkzwVueFxrdbIVr5/rozA==',29800,0,'挖哈哈腕力球',0,0),(1288,'R/6e6P/ytyajGQql6n9MkQ==',29800,0,'挖哈哈腕力球',0,0),(1289,'Ur2F8Tb6wgKUgtU4ECrY2w==',29800,0,'挖哈哈腕力球',0,0),(1290,'qg2Ypcnc1d5Yz09z+rVERg==',29800,0,'挖哈哈腕力球',0,0),(1291,'FYo2PqJETQm5Fj4tHI/V6w==',29800,0,'挖哈哈腕力球',0,0),(1292,'CpvIBrZAoahVoYEMN/zt3w==',29800,0,'挖哈哈腕力球',0,0),(1293,'8/PJcr6oQK5qm3KIV7pBlw==',29800,0,'挖哈哈腕力球',0,0),(1294,'07KEhhaXqAIsr7+RYZADKg==',29800,0,'挖哈哈腕力球',0,0),(1295,'TBTD4b5xVaOMNj8/h7mlwA==',29800,0,'挖哈哈腕力球',0,0),(1296,'ffw8rhfPW7Zouoj5ihW64A==',29800,0,'挖哈哈腕力球',0,0),(1297,'AfV663fqJ4sVeOhiRF50Jw==',29800,0,'挖哈哈腕力球',0,0),(1298,'VvWa7ZkhSgjfLjZ4ChGhpg==',29800,0,'挖哈哈腕力球',0,0),(1299,'9ETDo0/hgCxlTajptgXvSA==',29800,0,'挖哈哈腕力球',0,0),(1300,'T3HEep4qiuGE3LvvTi8NcQ==',29800,0,'挖哈哈腕力球',0,0),(1301,'+b2AH67Tu1r1KmJXYKKDvg==',29800,0,'挖哈哈腕力球',0,0),(1302,'2qeFQWhq9fm31Y5V6M1WXw==',29800,0,'挖哈哈腕力球',0,0),(1303,'ENJzyB/YS0hw47DHY89uCQ==',29800,0,'挖哈哈腕力球',0,0),(1304,'549hsj+dSb+uZcV0O2PecQ==',29800,0,'挖哈哈腕力球',0,0),(1305,'ofrvP/HP8cy5Q82RATBQMw==',29800,0,'挖哈哈腕力球',0,0),(1306,'mc6P9Ac3Yt/DwC3eiTP/Ag==',29800,0,'挖哈哈腕力球',0,0),(1307,'GkioWHJ6SLNNIQCDO6yeWQ==',29800,0,'挖哈哈腕力球',0,0),(1308,'lQ9f5YmkNIClA92pDQt2pw==',29800,0,'挖哈哈腕力球',0,0),(1309,'6On0lT/1/930G+YHTpelsQ==',29800,0,'挖哈哈腕力球',0,0),(1310,'E8nFoKdBlaU9y4rW4QrWcA==',29800,0,'挖哈哈腕力球',0,0),(1311,'CxGnHG+ulPlgFF0T+HVV+Q==',29800,0,'挖哈哈腕力球',0,0),(1312,'1I4R3OjF5ls7YpcuHSPFXQ==',29800,0,'挖哈哈腕力球',0,0),(1313,'Jq7GQVfXDlEAp6cm3om87A==',29800,0,'挖哈哈腕力球',0,0),(1314,'VW8+107vBaODDuAYZvvqqg==',29800,0,'挖哈哈腕力球',0,0),(1315,'wtcDR6Quf9uhwEgvpDe3eQ==',29800,0,'挖哈哈腕力球',0,0),(1316,'aU3VpWotvLH/UTbbNW4Cqg==',29800,0,'挖哈哈腕力球',0,0),(1317,'l871DsTaTHBR08T9uJdSiA==',29800,0,'挖哈哈腕力球',0,0),(1318,'Hjtrw4Yf7igpkLTfuB9vyQ==',29800,0,'挖哈哈腕力球',0,0),(1319,'eKvw+fs9jtlzIz8jAk1cHg==',29800,0,'挖哈哈腕力球',0,0),(1320,'UNlToVYFKTBBhMCA/X6ikg==',29800,0,'挖哈哈腕力球',0,0),(1321,'dQm338V1xu2Z2P6xaIXFGQ==',29800,0,'挖哈哈腕力球',0,0),(1322,'ium2g5G5fmlboL/LWMRz6g==',29800,0,'挖哈哈腕力球',0,0),(1323,'wSA7C762FYq0ImawHWhE2g==',29800,0,'挖哈哈腕力球',0,0),(1324,'0hbUkhqtlqrszDp8HiQymQ==',29800,0,'挖哈哈腕力球',0,0),(1325,'bX+GcgCiaxW5iEYQzZIIGQ==',29800,0,'挖哈哈腕力球',0,0),(1326,'9uRqYFxP/2HkwFVLVo+j+A==',29800,0,'挖哈哈腕力球',0,0),(1327,'dmBmDFo/6Euwj8+jJsc3qw==',29800,0,'挖哈哈腕力球',0,0),(1328,'7PB0nm9l7wddA+q7jay15g==',29800,0,'挖哈哈腕力球',0,0),(1329,'f9aJQ6IwCbd4xj3QhDUkuw==',29800,0,'挖哈哈腕力球',0,0),(1330,'ZrF3Oajt4V3yY/RihvRU+g==',29800,0,'挖哈哈腕力球',0,0),(1331,'6pa/bNjxpQMvf6auKBpVew==',29800,0,'挖哈哈腕力球',0,0),(1332,'noDuoZlKbJafBADVPBm96A==',29800,0,'挖哈哈腕力球',0,0),(1333,'OAPB9RESE1hM+bZ9SCe1RQ==',29800,0,'挖哈哈腕力球',0,0),(1334,'H2LFSKM1ojUquAWyhOp1Yw==',29800,0,'挖哈哈腕力球',0,0),(1335,'xigJLLv4YzDSeH+2uGr37A==',29800,0,'挖哈哈腕力球',0,0),(1336,'u9/30YEidPmrZT3A0sakmg==',29800,0,'挖哈哈腕力球',0,0),(1337,'1+aBffYRy1C8hVpkMy6oNA==',29800,0,'挖哈哈腕力球',0,0),(1338,'78EXYNm/T19IbyYAxtbMbg==',29800,0,'挖哈哈腕力球',0,0),(1339,'fTkgRwcZ0QJdTGOpqJWyAw==',29800,0,'挖哈哈腕力球',0,0),(1340,'sEcT9RaZPavPDaXdd38ZGQ==',29800,0,'挖哈哈腕力球',0,0),(1341,'dRNyu8YamEAxUaHt1lzWpw==',29800,0,'挖哈哈腕力球',0,0),(1342,'8eiYzTQmz3BVHev/hiQAOQ==',29800,0,'挖哈哈腕力球',0,0),(1343,'HzFwmoqhEp3wHXzkYwYRHg==',29800,0,'挖哈哈腕力球',0,0),(1344,'suaqyarVobQPQRI50vC9bQ==',29800,0,'挖哈哈腕力球',0,0),(1345,'fDZac9ykyh20RvthYcy3+w==',29800,0,'挖哈哈腕力球',0,0),(1346,'RPqbpBPNL0F9ZMBvLoD29w==',29800,0,'挖哈哈腕力球',0,0),(1347,'J2Roytp+BVC80sRM2FRZfQ==',29800,0,'挖哈哈腕力球',0,0),(1348,'2kY3I5CP6Zwzvk/E1c2gDw==',29800,0,'挖哈哈腕力球',0,0),(1349,'yD60603qekvJFxtPpS98lw==',29800,0,'挖哈哈腕力球',0,0),(1350,'cFYH1H812wrqomd4w6tnfg==',29800,0,'挖哈哈腕力球',0,0),(1351,'P6qFszr11gu/kqSzXhCm4Q==',30000,2,'测试商品矿卡',0,0);

#
# Structure for table "tradeOrder"
#

DROP TABLE IF EXISTS `tradeOrder`;
CREATE TABLE `tradeOrder` (
  `id` int(11) NOT NULL AUTO_INCREMENT,
  `orderLocal` varchar(255) NOT NULL DEFAULT '',
  `orderRemote` varchar(255) NOT NULL DEFAULT '',
  `plat` int(11) DEFAULT '0',
  `uid` int(11) NOT NULL DEFAULT '0',
  `cost` decimal(32,16) NOT NULL DEFAULT '0.0000000000000000',
  `currency` varchar(255) NOT NULL DEFAULT '',
  `coin` int(11) NOT NULL DEFAULT '0',
  `accountOut` varchar(255) NOT NULL DEFAULT '',
  `accountIn` varchar(255) NOT NULL DEFAULT '',
  `orderType` int(11) NOT NULL DEFAULT '0',
  `freezeId` int(11) NOT NULL DEFAULT '0',
  `time` bigint(11) NOT NULL DEFAULT '0',
  `status` int(11) NOT NULL DEFAULT '0',
  PRIMARY KEY (`id`),
  KEY `orderLocal` (`orderLocal`),
  KEY `orderRemote` (`orderRemote`)
) ENGINE=InnoDB DEFAULT CHARSET=utf8;

#
# Data for table "tradeOrder"
#


#
# Structure for table "userMineral"
#

DROP TABLE IF EXISTS `userMineral`;
CREATE TABLE `userMineral` (
  `id` int(11) NOT NULL AUTO_INCREMENT,
  `uid` int(11) NOT NULL DEFAULT '0',
  `mineral` int(11) NOT NULL DEFAULT '0',
  `freeze` varchar(255) NOT NULL DEFAULT '',
  `version` int(11) NOT NULL DEFAULT '0',
  PRIMARY KEY (`id`),
  KEY `uid` (`uid`)
) ENGINE=InnoDB DEFAULT CHARSET=utf8mb4 COMMENT='玩家矿石';

#
# Data for table "userMineral"
#

